"B,E,F"
"A,B,D,F,J"
C
B
"A,C,F"
"A,I,J"
B
C
"D,E,F"
"A,I,J"
"B,D,I"
"A,J"
"A,B,C"
"E,F,G"
"C,F"
"B,C,F"
"A,I"
"B,D,F"
"B,C,E,F"
"A,B,I"
"A,B"
"B,C,D"
"B,I"
"A,B,C,D,E,H"
"A,F"
A
"A,D,H,I"
"A,D,I"
"C,G,H"
C
"C,G,H"
"A,B,D,G"
I
"A,D,G"
"B,C,J"
"B,F,I"
"A,D"
"A,F,H"
"A,C"
"C,F"
"D,H"
"B,C,E,F"
"E,F"
"B,C,D"
"B,C,E,F"
"E,F"
"D,E,F"
"C,G,H"
"A,C,F,G"
"A,C,J"
"D,H"
B
"B,C,D,I,J"
"B,C,H"
"A,C"
B
"A,B,D"
"B,C"
"C,E,F"
C
"C,G,H"
"A,I"
"A,B,C"
"A,B,C,D,F,I"
"B,E,F"
"B,C,E,F,J"
"E,F,G"
"B,D,H,J"
"A,G,I"
"A,D,G,J"
A
"B,C"
"A,C,D,E,J"
"B,C,I"
"A,B,C"
"E,F,G"
"A,C,D,F,G"
"B,D,J"
"B,H"
"A,B"
"A,B,D"
"A,B,G,J"
"B,D"
H
"A,I"
"A,B,C"
"C,F,H"
"B,C,J"
"B,G,I"
"A,D"
"B,D"
D
"A,C,I"
"A,C"
"E,F"
C
B
"D,H,I"
"A,B,I"
"B,C,H,I"
"A,C,G"
"C,G,H"
"C,G,H"
"A,B,C,D,H"
"D,E,F,H"
"B,C"
"A,D,H"
"A,B,D"
"A,F,I"
"A,B,D,F,G"
"A,C,G"
G
"C,G,H"
"A,D,J"
"A,B"
"A,D"
"A,H"
"B,D"
"C,D"
"A,H"
D
"A,B"
"B,C"
"B,D"
"C,G,H"
"A,C,J"
A
A
"A,B,C,D,I"
B
"B,D,E,F"
"A,C,G"
B
"A,B,C,G,H,J"
"A,D,G"
"A,B,C,D"
"A,B,D,H"
"C,G,H"
"G,H"
"G,H"
H
"B,C"
"C,G,J"
"A,C,G"
"A,C,D"
"E,F,G"
"C,D"
"A,H"
"B,C,E,G,I"
"B,D,I"
"A,C,D"
"B,C,F"
"B,H"
"A,B,D"
"B,E,F"
"A,B,G"
"G,H"
"A,G"
"B,J"
"A,G,H,J"
"B,D,G,H,I"
G
"A,B,D,F,G,J"
"C,G,H"
"C,G,H"
"A,C"
"B,G"
"A,B,C,D,F,I"
"B,E,F"
"A,D,F"
"A,G"
B
"B,J"
"B,C,D"
A
B
"A,B,C,D,J"
"C,G,H"
"A,B,I"
"I,J"
"E,F,I"
B
C
"C,G,H"
"B,J"
"B,C,G,I"
"B,C"
"B,G"
B
"B,C"
"A,C,F"
"C,G,H"
"A,B,C,F,J"
"B,F"
"A,D"
"A,B,D,G,H,J"
"B,C"
"B,C,E"
"B,D,I,J"
"C,D,E,F,I,J"
"B,C"
"B,F"
"C,G,H"
"A,D,F,G,H"
D
B
"B,C,I"
"A,B,C,E,F,J"
"C,D,H"
"E,J"
"A,B,D"
"A,D,H"
"B,D,E,F"
"C,E,F,I"
"E,F"
"A,D"
"D,F"
"B,C,D,E,F"
"D,J"
"A,C,D,E,I,J"
"A,C,D,G,J"
"C,E,F,G"
G
"B,C"
"B,G"
"A,C,F"
"B,G"
"B,C"
"A,B,C,D"
"E,F,I"
"B,D"
"A,B,I"
"A,B,C,D,G,H"
"A,B,C,J"
"C,E,F"
"B,C"
"A,D"
"A,B,H"
"A,B"
"B,I"
"A,B,F,H"
"A,B,D,H"
"A,B,C,D,F,I"
"A,B"
"D,E,F,G,J"
"B,F"
"B,C,D"
"A,D,F"
"A,D,I"
D
"E,F,G"
"B,H"
"B,E,F,G"
A
"A,B,C"
"B,C,D,E,F"
"B,D"
"A,C,H,J"
"A,D"
"B,D,E,F,J"
"B,D,H"
"B,D,E,F,H"
"A,F"
"C,D"
"B,C"
"A,B,F"
"B,D"
"B,D,G"
"A,C"
"B,C"
"B,C"
"A,B,C,D"
"A,C,H"
"A,B"
"B,C,D,H,J"
"C,D"
"D,G"
"A,F"
"B,C,D,J"
"A,B,C"
"B,E,F"
C
"A,J"
"D,F"
"A,C,H"
"A,C,G,J"
"B,C,I"
"C,D"
"B,C,D"
"B,C"
"D,E,F"
"A,B,D,G"
"B,C"
"B,C,D"
"A,B,C,D,E,J"
"B,G"
"B,E,F"
"B,C"
"B,D,E,F"
"A,B,C,D,F"
"C,G,H"
"B,C,D,H"
"A,B,D"
"A,B,E,I"
"A,H,I"
"B,C,D"
"A,C,J"
"C,G,H"
"B,C,H"
"B,D"
D
"A,F"
"A,H"
"B,D"
"B,C"
"B,D"
"B,C"
"C,D"
"A,B,I"
"A,B,F,G"
"B,F"
"C,G,H"
"A,C,D,G,J"
"A,B"
"A,B,D"
"E,F"
"C,G,H"
"B,D"
"B,H"
B
"A,B,C"
"B,C,D,F,J"
"B,C,D,F,I,J"
"E,F"
"E,F,H"
B
"A,F"
"B,C,D,E,F"
"B,D"
"B,C"
"B,F,I"
"C,G,H"
"B,C,D,E,H"
"A,D"
"D,F,H"
"B,D,F"
"B,C,D,G"
"A,C"
"D,I,J"
"A,B,C,F,H"
"B,I"
"D,G,I"
B
"B,C,D,G"
"B,G"
"B,E,F"
"A,G"
"C,D,G"
"C,G,H"
A
"A,D,H"
"B,C,I"
"A,C,D,F,H"
A
"B,C"
"B,D"
A
"B,E,F"
"A,C,H"
"A,B,C,D,E,J"
"B,C"
"A,B,C"
"F,G"
"A,B,C,J"
"A,C,D,H,I"
"A,B,C,G"
"A,D,I"
"A,B,I"
"D,J"
"B,G"
"B,G"
"B,F"
"B,D,H"
"A,D,E,G,J"
"E,F,I,J"
A
"D,I"
"A,C"
"B,E,F"
"A,I"
"A,D"
"A,B,H"
"B,C,F,I"
"A,E"
A
"A,G"
"A,D"
"A,B"
"A,D,E,F"
"B,D,F"
"A,C,F"
"B,C"
"E,F"
"A,B,J"
"E,F"
"A,B,C,D,I"
"A,B"
"A,D"
"A,F"
"A,B,C,D,G,H"
"A,B,F,J"
"A,B,I"
"B,E,F"
C
"B,G,H"
"A,B,C"
"E,F,G"
"A,C"
"A,B,C"
"B,C,J"
"A,D"
"B,C"
"B,D,H"
"C,G,H"
"B,C,I"
"A,H"
"B,D,J"
"B,H"
D
"B,F,J"
"B,C"
"A,B,C,J"
"A,H"
"B,E,F"
A
"A,B,G"
"A,B,C,D"
"A,B,C,G,I,J"
"A,D"
B
"C,I"
"A,C,D"
"A,C"
"B,C,I"
"A,G"
"D,G"
"D,E,F,I"
"A,C,D,G,H"
"B,D"
"C,G,H"
"A,D"
"C,F,G"
"B,I"
"B,E,F"
A
"A,B"
B
A
"B,C,F,J"
A
"A,D,F,G,H"
"B,D"
"A,C"
"A,B,C"
B
"B,F"
"B,J"
"C,G,H"
"A,B,C"
"D,E,F,H"
"A,D,H"
B
D
"B,C,D"
"A,C,J"
"A,H,J"
"B,H"
"A,C,D,J"
"A,B"
"A,B,C,D"
"E,F,G,I"
"C,G,H"
D
"A,B,E,F"
"A,B,C,D"
"B,C"
"A,D,J"
"A,B,D"
"B,D"
"B,H"
"C,G,H"
"A,B,C"
"A,B,C,G"
"C,E,F"
B
"C,H"
"A,I"
B
"B,D,J"
"A,D,J"
"A,B,D,H"
"B,J"
"B,F,I"
D
G
"B,C,H,I,J"
"A,B,C,G,I"
"B,F,I"
"B,D,I"
"A,I,J"
"C,D"
"B,C"
"A,C,D,I,J"
"A,B,G"
"A,C,D,H,I"
"A,B,C"
"A,B,C"
"E,F,H"
"A,B"
"B,D,E,H,I,J"
"A,C"
"A,C,D"
"B,I,J"
C
"B,C,D,E,J"
"A,B,C,D,H,J"
"A,G"
"A,B,G,J"
"B,C"
"A,D,G"
"B,F"
"B,F"
"B,F"
"C,D"
"A,B,C,G,J"
"C,G,H"
"A,D,E"
"B,C,J"
B
"B,D,F"
"B,C,E,F,H"
"A,B"
"A,B,C,D,E,J"
"B,G"
"B,E,F"
"C,G,H"
"A,I"
"B,D"
H
A
"B,C,D,E,H"
"B,C"
"A,B,J"
"A,B,D,J"
"A,F,H"
"B,C,J"
"C,G,H"
"D,J"
"D,F"
"B,I"
"A,B,C,G,J"
"B,C,J"
"B,D,J"
"A,G"
"E,F,I"
"A,G,J"
"A,B,C,D"
"C,G,H"
"C,H"
"A,B"
"B,I"
G
"B,C"
"E,F,G"
"A,C,I"
"C,G,H"
"A,B,C,E"
"A,B"
A
"A,H"
"A,D,I"
"A,B,D,F,I"
"C,G,H"
J
"A,B,C,D"
"B,I"
"B,C,D,G"
"A,B"
"A,B,C,D,E,H"
"A,D,H"
"A,J"
C
"B,C,D"
"B,E,F"
"B,D"
"B,C,G"
"B,E,H"
"A,B,F"
"A,B,D"
"A,C,D,I"
"B,E,F"
"A,J"
"C,H"
"B,D,E,F"
"A,D"
"D,E,F"
"B,G"
"A,D"
"B,E,F"
"C,G,H"
"B,D,H"
"B,H"
"B,C,H,J"
"A,C,D"
"D,E,F"
"B,E,F"
"B,D,H,J"
"B,E,F"
"B,C,G,H"
"D,H"
"A,C,F"
"B,C"
"B,D,H"
"B,G"
"I,J"
"C,G,H"
"A,C,H"
"B,D"
"D,G"
A
"B,C"
"B,I"
"B,J"
"A,B,F"
"B,D"
"B,C,D,E,G"
B
"F,I,J"
"A,D,G"
"A,C,D,J"
"B,C,D,H,J"
A
"B,C,F"
"A,C,D,E,F"
"A,C"
I
"C,G,H"
"A,I"
"A,D,I"
"A,B,D"
B
"A,H"
"A,B,D,G,I"
"B,E,F,I"
"A,B,C,D,E,J"
"A,C"
"B,D,J"
"A,C"
"B,H"
"B,C"
D
"B,D"
D
"B,C,D"
"A,C"
"A,B,J"
"B,F,H,I"
"C,G,H"
"A,B,D"
"D,G"
"A,H"
"B,D,E,F,I"
"A,C"
"A,B"
"B,C"
"C,G,H"
"A,C"
"A,C"
"B,G"
"B,D,G"
"B,D,I"
"A,C,D,E,J"
"B,D"
"C,D,H,I"
B
"A,H,J"
"C,G,H"
"D,E"
"A,B,C,D"
"B,C,I"
"E,F,J"
"A,G,I"
"A,F"
"C,D"
"A,B,G,I"
"A,B,C"
"A,B,D"
"B,C,I"
"C,D,E,F,I"
"A,B"
"B,J"
"A,D"
"B,D,G"
"A,B,C,G,H"
"C,H"
"B,D,E,F"
"A,D,G"
"A,D,G"
"A,B,D,E,F,J"
"A,B"
"E,F"
"B,D"
"B,C,D,I"
"B,C,D,F"
"A,J"
"A,B,C"
"A,B,H"
"D,I"
"B,D,G"
D
"A,B,C,D,F,I"
"A,B,D,F,G,J"
"A,J"
"B,F"
"D,E,F"
"B,C"
"A,D"
"A,B,C,D,I"
"B,C,E,F,H"
"A,C"
"D,F"
"A,B,D,I,J"
"C,G,H"
"C,E,F,G"
"A,C,I,J"
"B,C"
F
"A,D,H"
"B,E,F"
"A,B"
"C,F"
"A,D"
"C,D,F"
"D,I"
"A,C,H"
"C,I"
"C,G,H"
"A,B,D"
"A,D,J"
"A,C"
"D,E,F,I"
"C,G,H"
C
"A,D,G"
"A,B,D"
B
"E,F"
"A,B,C,D,E,F"
"A,C,D,I"
"D,J"
"A,B"
"A,C,D,H"
"B,C,D"
C
"B,C"
"G,I"
"A,C,D"
"A,C,F"
"I,J"
"A,B,C,D,E,G"
"C,G,H"
"A,I"
"A,B,I"
"B,C"
"A,D,F"
"A,B,D"
"A,B,H"
"A,D"
"C,D"
A
"E,F"
"C,G,H"
"A,C,D"
"C,E"
"B,C,D,I"
"B,J"
"A,H"
"C,G,H"
"B,D,E,F,H"
"B,C,E,F"
"A,C,D"
"B,C"
"B,D"
"B,C"
"C,G,H"
B
"A,B,D,F,J"
"A,C"
"A,B,G"
"B,C,D,G,H"
"A,B"
"A,B"
"B,D,F,I,J"
"C,D,H"
"B,H"
"C,G,H"
"C,G,H"
"A,B"
"B,C,F"
"C,G,H"
"B,C,F"
"A,B,C"
"B,H,I"
A
"A,B,G,H"
I
"A,B,C"
"B,D,E,F,I"
"A,G"
"B,F"
"A,B"
"A,B,C,D"
"A,F,H,I"
"B,E,F"
B
"A,C"
"A,B"
"B,E,F"
"C,G,H"
"B,C,D,F,I"
"C,G,H"
B
"B,C,F,G"
"A,B,H"
"B,D"
A
"B,C"
"B,E,F"
"C,E,F"
B
"C,E,F"
"D,E,F"
H
"A,C"
"B,C,G"
"B,D"
"D,E,F"
"C,D,E,F"
"F,J"
F
"A,D,F"
"A,C"
A
"A,D"
"B,E,F,I,J"
"A,B,D,H,I"
"A,B,J"
"A,D"
"A,B,D,I"
"A,B,C,D,G,I"
"A,B,C,D,G"
"E,F"
"B,H"
"A,C"
"C,G,H"
"B,D,E,F"
"B,D"
"B,D,E,F,I"
A
"B,D,I"
"B,J"
"E,F,J"
"E,F,J"
"B,C,E,F,J"
"A,B"
"A,C,D"
"A,B,C,E,I"
"B,C"
"A,B,C,D"
"A,F"
"D,G"
"B,C"
"B,C"
"C,G,H"
"A,D,F,J"
B
"E,F,G"
"C,E,F"
"B,C,D,E,I"
"A,B,H"
"B,C,D,H"
"B,D"
"A,C,H"
"B,C"
"C,D,J"
"A,B"
"B,G"
"A,D"
"A,B,C,E,H,I"
"A,C"
"A,G,I"
"A,B,C"
"A,C,I"
"B,C,E,F,H"
"B,D,H"
"A,B,C,I"
"B,C,I"
"A,B"
"A,B,C"
F
"B,I"
"B,G"
"B,H"
"A,C"
"A,B,C"
"D,F"
"B,G,I"
A
"E,F"
"B,C"
D
"D,G,I,J"
"A,B,C,D"
"C,G,H"
A
"B,G,H"
"A,B,C"
"A,F"
"B,H,J"
"C,D"
"A,B,I"
"A,B,D"
"B,D,I"
"C,E,H"
A
"A,B"
"C,G,H"
"A,B,J"
"B,E,F"
C
"C,D"
"A,B,G"
"B,I"
D
H
"G,J"
"A,I"
"B,C"
"A,B,D,E,H,I"
"A,D"
"B,D"
"A,B,C"
D
"B,F,G"
C
J
"B,J"
"A,B"
"A,C,D"
"A,C,H"
"A,C"
"B,C,D,H,J"
"A,F,J"
"A,D,F,G,I"
"A,B,C"
"A,C,H"
"A,B,F"
"B,D,I"
"B,C,G"
"B,D"
"B,C,G,J"
"B,C,E,F"
"B,D"
"A,C,J"
"B,D"
"B,J"
"A,B,D"
"B,D"
"A,C,E,F,G"
"B,C,D,H,J"
"A,C,D"
"A,D"
"B,C,E,F"
"A,F"
"A,D"
"B,D,E,F,J"
"B,C,D,F"
H
"A,D,F"
"B,C,F,H"
"A,C,D,I,J"
"A,B,D"
"A,B,C"
"A,D"
"A,F,H"
"A,B,C"
"C,D,H"
"I,J"
"C,G,H"
"A,G"
"B,H,I"
"B,D,E,F,I"
"B,I"
A
"B,C,D,G"
"A,D,F,G"
"E,F"
"A,F,G,H"
A
"B,C,H"
"A,C"
"A,C,G"
"A,B,H"
"A,B,D"
"C,D,I"
"B,C,D,F,G"
D
"B,J"
"B,J"
"A,D,G"
"B,C,D"
"A,B,C,E,G,I"
"A,D,H"
"B,G"
"B,G,H,I"
"A,B,C,D,G,I"
"C,G,H"
"A,D,F"
"B,D"
"A,J"
"A,B,C"
"B,E,F,I"
"A,B,F,G"
B
"A,C"
"A,B"
B
"B,D"
D
A
"A,B"
"B,G,I"
"B,D,J"
"D,G,H"
"A,B,G"
"B,C,D,E,F"
"A,B"
"A,C"
"A,D"
J
"E,F"
J
"D,F"
"A,B,D"
"B,G,I"
"A,D"
"A,C,D,H,J"
"B,D"
"A,G"
"A,D"
A
"A,G"
"A,D,F"
"B,F,I"
"A,B"
B
"A,B,D,J"
"C,D"
"A,B,G"
"B,C,D,F,G,J"
"B,D,G"
"B,D,J"
"C,E,F,G"
B
"B,F,I"
B
"B,J"
A
"A,B,C,D"
"B,C"
"B,E,F"
"B,D"
"B,E,F"
"D,F,G"
B
"B,C,E,F,J"
"A,D,G"
"B,E,I"
"C,G,H"
"B,D"
H
"B,F"
"A,D"
"B,C,D"
"D,G"
"A,D,F,J"
"A,B,C,J"
"A,J"
"A,D"
"B,C"
"B,F"
"B,C,F,H,I"
"G,H,I"
"C,D"
D
"A,B,D,F,G,J"
"B,D"
A
"B,G"
"A,C"
"A,B,D,E,I,J"
"A,C"
"A,D"
I
"A,B,C,F,I"
"A,G"
"B,C"
"B,C,D,G"
"A,D"
"A,G"
"C,D"
"A,B,C"
"B,D,F"
"B,E,F"
"A,C,D"
"C,G,H"
"A,B,D"
"D,G"
"B,D,I"
"A,B"
"C,G,H"
"C,E,F"
"B,C,G"
"B,D"
D
"A,C,D"
B
"E,F,J"
"A,B,D,I"
B
"A,D,H"
"B,E,F,G"
"A,B"
"A,B"
"A,F"
"B,D"
"A,B,D,G"
"D,H,I"
"A,B,D,H"
"C,D,G"
"A,J"
E
"F,G"
A
"A,B"
"C,H"
"C,E,F"
"E,F"
"A,B,C,D,E,I"
"A,B"
"B,D,H"
"A,B,D,G"
"B,D"
"C,G,H"
"C,E,F"
"A,B,C,D,J"
B
"A,B,I"
"B,F"
"A,D"
"B,C,I"
"B,D,J"
"B,C,J"
"B,H"
"B,D,J"
"C,G,H"
"B,F,J"
"A,B"
"A,B,C"
"B,D"
"B,E,F"
"C,G,H"
"A,B,H"
"B,F"
"C,G,H"
"A,B,D"
"C,D"
"D,I"
"A,B,D,I"
"A,C"
"D,E,F"
"A,B,H,J"
"C,G,H"
"A,B"
B
"A,B,G"
"B,H"
"A,C,D"
D
"B,C,D"
"A,C"
"E,F"
"D,J"
"B,D"
"B,H"
"A,B,C,D,E,F"
"B,D"
A
"A,B,D"
"B,E,F"
"A,C"
G
"D,G"
"A,B,D"
"B,D,G,H"
"B,H,I"
"E,F"
"A,B,C,D,F,G"
"A,I"
"B,J"
"A,C"
"A,C,F,I,J"
A
"B,C,I"
"A,G,I"
"B,D,G"
"A,D"
"C,G,H"
B
"E,F,J"
"A,B,F,H,I"
"C,G"
D
"B,C,F,J"
"A,H"
"A,B,J"
B
"B,I"
"B,D,E,F"
"B,E,F"
G
"B,G,I"
"F,G"
"C,I"
"B,C,J"
"D,E,F"
"C,F"
"A,B,F"
"B,C,D"
"B,D,F,H"
"A,D,J"
"B,C,D"
"B,I,J"
"F,I"
"B,F"
"A,D"
"B,C,E,F"
"B,C,D"
"B,H"
"A,B"
"B,C"
"C,E,F,I"
"A,B,C,J"
"C,D,J"
"A,D"
"B,I"
"A,B"
"B,C,H"
"A,B,C,D,I,J"
"C,G"
"A,C,D,F"
"B,C"
"D,I"
"C,G,H"
"C,E,F"
"C,D,J"
"A,B,D"
"C,G,H"
"B,D"
"A,B,C"
"A,B,C,D,G"
"A,C"
"A,B,H"
"A,C"
"A,I"
"B,I"
"A,C"
"A,C"
"A,C"
"A,B,C"
"B,C"
"B,C,G"
"A,J"
"B,C"
"A,B,C"
"A,B"
"E,F"
"B,C,D,F,J"
"A,B,D,G"
"D,E,F"
"A,D"
"C,G,H"
"D,J"
"B,C,D"
A
"A,D"
"A,B"
"A,B,C"
"C,D"
"A,C,D,H"
"A,I"
"A,B"
"C,D"
"C,G,H"
"A,B"
A
"A,B,C"
"B,C,D,F,G"
"B,I"
"B,C,J"
"A,B"
"A,B,C,D"
"A,F"
"B,E,F"
"A,J"
"B,C,E,F"
C
"A,B,D,E,H,I"
"B,C"
"A,C,D,G"
B
"A,B,C,D,G,I"
"C,G,H"
"B,C,D"
"A,H"
"A,F,G,J"
"B,D,I"
"A,B"
"A,B,C,D,E,G"
"A,D"
B
"D,G"
"B,C,D,E,F"
"A,G"
"A,B,C"
"A,B,C,D,H"
"A,B,D,I"
"A,B,C,D,H"
"A,B,C,D"
"A,H"
"A,G"
"D,E,F"
"A,D,J"
"B,C"
"A,B,I"
"C,G,H"
"C,G,H"
"A,D"
"A,C,D"
"C,G,H"
F
"C,D"
"B,C"
"C,D"
B
B
A
"B,H"
"A,G"
"A,B,D,I"
"B,C,D"
"A,C"
"C,E,F"
"B,C,D,F,J"
"A,B,D"
"B,J"
"E,F"
"A,D,J"
"A,B,C"
"B,C,I"
"A,B"
"A,B,C,D,J"
"B,C"
"A,B,C,G"
"A,D,I"
"A,J"
"C,G,H"
"B,C,D,E,F"
"A,C"
"B,C"
"B,D"
"B,C,D,H,J"
"A,B,G"
"A,B"
"B,C,I"
"B,C,F"
"A,B,D"
"B,C,J"
"D,E,F,H"
"B,C,G"
"A,F"
"A,I"
"A,C"
"B,C,D,E,F"
"A,B,F"
"B,D"
"B,E,F,H"
"A,D"
"B,C,D,G,J"
"B,C,F,H"
"C,D"
B
"A,B,G"
"A,H"
"B,G"
"A,C,J"
"A,B,D,J"
"A,D"
C
"C,G,H"
"A,B,D"
"A,C,G"
G
G
"B,D"
"A,C"
"E,F,G"
"B,J"
"C,G,H"
"A,C,E,F,H"
"A,D"
"B,C,D,G,J"
"C,G,H"
"B,I"
"C,F,I"
"A,B,C,D,E,F"
"A,D"
"A,B,C,I"
"A,F,I"
"C,D"
"B,G"
A
B
"A,B,D"
"D,H"
I
B
"B,C,D,G,H"
"C,D,I"
"B,J"
"D,J"
"A,C,J"
"A,B,D,F,G,J"
"A,G"
"B,D,E,F"
"A,G,H"
"B,C"
C
"B,G"
"B,H"
"A,B,D"
"A,C,H,J"
"B,C"
"C,J"
"A,G"
"D,G"
"B,C,F,J"
C
"A,C,D,I,J"
"B,C,G"
"C,G,H"
"B,D"
"A,B,J"
"A,B,C,D"
"A,I"
"A,B,C,E,F,G"
"A,B"
"B,C,D"
"B,C"
"B,C,G,H,I"
"A,C,I"
"B,I"
"B,H"
"B,D,G"
B
"A,B,C,F,G"
"A,B"
"A,G"
"A,C,D"
"A,D,J"
"A,F"
"B,D"
"B,E,F"
"C,D"
"B,F"
"A,J"
A
"B,C,D,H,J"
"B,E,F"
"B,C"
"C,F,H"
"B,G"
"C,D"
"C,G,H"
"B,C,J"
"A,C,D,F"
"B,C"
B
"A,B,C,D,G,I"
"B,D"
"B,C"
"A,C"
"A,D,H"
"B,J"
"C,E,F"
"E,F"
"A,I"
"B,D,I"
"A,B,C,D,E,I"
"D,J"
F
"A,B,C,D,E,F"
C
"A,C,E"
"A,B,C,D,I"
"A,G"
A
"A,F,G"
"C,G,H"
"A,B,F"
"A,D"
"B,D"
"B,D,E,F"
"A,B,I"
B
"C,G,H"
"B,E,F"
"A,I"
"C,E,F"
"B,D"
"B,D"
"A,C,D,I"
"B,C"
"D,J"
"B,D"
"A,F,G,H"
"B,C,E,F"
"E,F,J"
"A,C"
"B,D"
"A,G,J"
"C,J"
"A,C"
"A,B,I"
"B,E,F,I"
"B,D,I"
"A,C"
"C,G,H"
"B,E,F,I,J"
"B,J"
"C,G,H"
"A,E"
"B,C,G"
"B,C"
"A,B,G"
"C,G,H"
"A,B"
"A,B,G"
"H,J"
"B,C,D,J"
"A,B,I"
"B,C,D,E,G"
"A,B"
"C,G,H"
"A,D"
"A,B,C"
"A,C"
"A,D"
"C,D,E,F"
"B,H"
"D,E,F"
"A,B"
"C,G,H"
"B,C,E,F"
"B,E,F"
"A,B,C"
"C,E,F"
"B,G"
"A,D"
F
J
"C,D"
"A,C,F,G,J"
"A,B,C"
A
"B,C,D"
"B,I"
B
A
J
"B,D,G"
"A,I"
"C,E,F,G"
"B,J"
"B,C,D,E,I"
"C,H"
"B,I"
"B,J"
"E,F,I"
"A,F"
"F,J"
"D,H"
B
"A,C"
"B,J"
"A,C"
"A,B,C"
"B,D,F,J"
B
B
"A,C,D,G"
"B,C"
"B,C,D"
"A,C,D"
J
"C,D"
"A,D,F"
"C,G,H"
"C,G,H"
"B,C,H"
"A,D,G,H"
"C,G"
"A,B,C,D,I,J"
"C,G,H"
"B,E,F,J"
"B,D,F,H,I,J"
"B,D,F"
"B,C"
"C,G,H"
"B,D,E,F"
"B,D,E,F"
"B,J"
"A,B,G"
"A,B,C"
"B,D"
"A,C"
A
"C,D,J"
B
"A,B"
"A,B,C,I"
"A,H"
"A,B,C,D,H,J"
"A,B,D"
"A,F"
"D,I,J"
"A,B,C,E,I"
"E,F"
"A,J"
"B,E,F"
"A,B,C,D,E,G"
"A,D,F,H"
"A,C,D"
"B,C"
"B,C,D"
"B,D,F"
"D,E,F,J"
"C,J"
"B,F,G"
"B,E,F"
"A,C,H"
B
H
"G,H"
"D,E,F,G"
"A,B,C,D"
"B,C,H,I"
"A,B,D,E,F,G"
B
"A,C"
B
B
"A,B"
"A,B,C,D"
"B,D"
C
C
"A,B"
"A,C,G"
"B,F,I"
J
"B,G"
"B,C"
"D,J"
"B,C,D,J"
"B,C,G"
"A,B,D,G,I"
"D,E,F"
"B,E,F"
"C,G,H"
"D,G"
"B,C,D,E,J"
"I,J"
"A,B,C,D,F,G"
"C,E,F"
"A,B,C,D"
"A,G"
"B,F,I"
"B,D"
"B,D"
"B,D,H,I"
"A,D,G"
A
"D,F"
B
"B,C"
"A,D"
"A,B,C,D,E,F"
"A,C"
"C,I"
"B,H"
"B,C,D"
"B,E,F,G"
"B,C,H"
"B,D,E,F"
"A,C,D,F,J"
"A,B"
"B,F"
"E,F,H"
"A,C"
"A,C"
"A,C,F"
"C,D"
"B,E,F"
"A,B"
"A,B,H"
"A,F,J"
"B,D"
H
"A,B,D"
"B,C,I"
"A,C,D,H"
"B,H"
"A,G"
"F,G,H"
C
"E,F,I"
"B,D"
"A,F,I"
"A,B,H"
"B,G"
"A,C"
"A,D,H"
"B,D,H"
"C,D,E,F,J"
"B,F,H"
"E,F,J"
"A,C,D"
"B,H"
"B,C"
"A,D,H"
"A,B"
"B,C,D,F,I"
"D,J"
"B,D,E,F,J"
"C,G,H"
"A,B,D"
"C,G"
"B,G"
"B,C"
"A,C,F,J"
"A,C,D"
"A,B,C,I"
"A,B,D"
"D,E,H"
"A,C,I"
"D,G"
A
"B,F"
"A,D"
"A,B,D"
"B,D,E,F"
"B,D,J"
"A,B,C,D,J"
"E,F,G"
"A,B,C,D,J"
B
"C,H"
"A,B,D"
"B,C,F,J"
"A,B,F,J"
"A,J"
"D,E,F,J"
"A,B,I"
B
"A,D,H"
"A,C"
I
"B,G,I"
A
"A,C"
"B,G"
"B,C"
"B,C"
"A,C"
"A,B,C,H"
"C,F"
J
"C,G,H"
"C,E,F"
"A,B,F,J"
"C,G,H"
B
"B,D,I"
"D,I"
"A,C"
"A,C,D"
"D,G"
"A,J"
"A,B,H"
"C,G,H"
"B,C,J"
"C,D"
B
F
"A,B,C"
"A,D"
"E,F"
"C,G,H"
"A,B"
"B,E,F"
"A,B"
"A,B,C,D,F,G"
"B,D,F"
"A,B,D,G,H,J"
"B,C,D"
"A,B,C,D,E,H"
"A,B,C,H"
"A,C,D"
"A,B"
"C,G,H"
"A,C,H"
"A,C,D,F,G"
"A,B,C,D,F,J"
"E,F"
"E,F"
"B,C,H,J"
F
"G,J"
"A,B,D,F"
"F,I,J"
"A,C,G"
"A,B,C,D,F"
A
"A,I"
"A,B,C,D,J"
B
G
"C,D"
"A,C"
"A,C,D"
"A,B,G"
"B,C,D,G"
"D,G,J"
"B,C,E,F"
"A,C"
"B,C"
"B,C,H"
"C,D,H"
B
"B,D,E,F,I"
"B,F"
A
"A,D"
"B,F"
"B,D"
"A,B,D,F,H,J"
B
"A,B,E,F,H"
J
"A,B"
"B,C,D"
"A,B,C,E,G,H"
"A,C"
"A,B,C,D,J"
"C,E,F,H,J"
B
"H,J"
"B,D,J"
"E,F,J"
"A,C"
"B,D"
"A,B,C,D,H,J"
"A,I"
"B,H"
"D,G"
"B,J"
"B,C,H"
B
"D,I"
"A,C,E,G,H,I"
"A,D,H"
"B,F"
"A,C"
"B,C,F"
"B,E,F,H"
"C,G"
"C,D"
"A,B,C"
"A,C"
"B,F"
"A,B,D,I"
"A,D"
"B,E,F,G"
"B,C,D,F,H"
"D,I"
"B,D"
"B,D"
"C,G,H"
"C,F,G"
"A,C,D,H"
"A,B"
"B,D"
"B,G"
D
C
"A,C"
"A,B,J"
B
B
"B,F,H,I"
"B,H"
"A,D"
"B,C,D,J"
"B,C,E,F"
"A,C,D"
B
"A,G,J"
"C,G,H"
"A,B,G"
"C,G,H"
"A,B,D,F,J"
"B,I"
"B,D"
"A,C"
"A,B"
"A,D,H"
"B,H,I"
"A,B"
"C,D,E,F"
"E,F"
"A,B"
"A,C"
"C,D,F"
B
"B,C,H,J"
"B,C,E,F"
"A,D"
"A,C,D,H,I,J"
"B,D"
"A,D,F,H,J"
"B,C,D,J"
B
"D,E,F"
"C,E,F"
"A,B,D,G,H"
"F,H"
"D,F,I"
"A,D,G,H"
"A,B,C"
"B,C,E,F"
"C,E,F,I"
"A,C,D"
"A,B,D"
I
"B,F"
"B,C"
"B,C,E,F,G"
"C,G,H"
"A,C"
"A,G,H"
"A,B,C"
"C,G,H"
"B,C,F,H"
"C,D"
"A,B,I"
"B,C,D"
"A,C,D"
"A,B,C,D,G,H"
"A,D"
F
"B,D,F"
"B,F,H"
"E,F,G"
B
"A,B,H"
"B,C,D,J"
"A,C"
"B,J"
"A,H,I"
"C,D"
"B,F,H"
"C,G,H"
"A,G"
A
B
"B,H"
"B,D,H"
"A,D,J"
"A,F"
"B,D"
"A,B,C,D,G"
B
"A,B,D"
"B,D,F"
"C,G,H"
"B,C,D,E,H"
"B,F"
"I,J"
"A,B,C,D,E,J"
"A,J"
A
"A,C,D,G,H,I"
"C,G,H"
"A,D"
"A,B,C,G"
"B,C,D"
"B,D,F"
"B,H"
"B,E,F,I"
"A,C,D"
"B,J"
"B,H"
"A,D"
A
"B,C"
"A,B,C,J"
"A,F,G"
"C,G,H"
"A,C"
"A,C,I"
"C,F"
D
"A,B,F,H"
A
"A,B,C,D"
H
"A,C,D"
I
"E,F,G"
"C,E,F"
"B,D,E,F"
"A,B,C,D,G"
"B,E,F"
"B,F"
"C,G"
B
"A,H"
"A,B,C,D,E,F"
"C,G,H"
"C,E,F"
"B,E"
"A,B"
"B,C"
"A,G"
"B,J"
"B,D,H"
C
B
"B,D,E,F"
"A,D"
"A,B"
"A,B,C"
"A,D,H"
"A,B,F"
"C,D"
"A,B,D,G"
"C,G,H"
"B,C"
"B,E,F,J"
"A,C,D,F,I"
"A,C"
"A,B,C,D,G,I"
D
"B,E,F,G,H"
"A,C,D,F"
A
D
"B,D"
"B,C"
"B,J"
"A,B,H"
"A,D"
"A,B,E,F"
"E,F,G"
"B,C,D,E,I"
"B,H"
"B,F"
F
B
"E,F"
"D,J"
"C,D"
"D,G"
"B,D"
"A,B"
A
C
"B,C,D,E,J"
"C,G,H"
"A,E,F"
"C,H,I"
"A,C"
"A,B,J"
A
"A,C"
A
"B,C,E,F,H"
"B,C,H"
"A,B,D,F,I"
"B,C,D,F,I,J"
A
"F,J"
I
A
"B,C"
D
"D,E,F"
"D,E,F"
"D,J"
"C,D"
"A,C"
"A,I,J"
"B,G,I,J"
"B,C,F"
"A,B,D,F"
"A,B,C,E,F,G"
"A,D"
"B,C"
"A,D,G,J"
"C,I,J"
"C,G,H"
B
H
"A,C"
"A,G"
"B,C,I"
"A,B"
"D,F"
"C,D,E,F,G"
"B,D,I"
"C,G,H"
"B,C,D,F"
"A,B,C,D"
"B,C,F,G"
"C,D"
"A,B,I"
"B,E,F"
"A,J"
"E,F,I"
"A,C,D,F,G,J"
"A,B,J"
"B,D"
"C,G,H"
"D,E,F"
"H,J"
"C,H"
"A,I"
F
"D,H"
"A,C,H"
"C,G,H"
"C,E,F,I"
"A,D,H"
"A,B"
"A,F,J"
"A,B,D"
H
"B,D"
"A,B,C"
"B,D"
"A,D,F"
B
"A,B,D"
"B,C,D"
"A,C"
"A,C,D"
"A,B,J"
"B,C,E,F"
"B,C,D"
"A,H"
"A,B"
A
"B,I"
"B,I"
"B,C,D,G,H"
"A,D,F"
B
"B,I,J"
"B,E,F"
"B,C,D,G,J"
J
"B,D"
"B,H"
"D,I"
"A,B,H"
"D,E,F,H"
"D,E,F"
"B,C,H"
"B,D"
"C,G,H"
"C,G,H"
"A,B,C"
"A,B"
"B,F,J"
J
"B,C"
"A,B,C,J"
"A,C"
"A,B"
"B,D,E,F"
"C,D"
"C,D"
"B,D,E,F"
"B,C,D,E,G"
"B,G"
"A,C"
"A,C"
"B,C,D,I,J"
"A,G"
"A,B,D,I"
"A,F"
"E,F,H"
"C,E,F,I"
"A,B,C,D,F"
"E,F,H"
"B,J"
"D,H"
"A,B,D"
"C,I"
"C,G,H"
"B,F,H"
"C,G,H"
A
"B,D,G"
"A,B,C,F,G,I"
"B,C,D,E,F"
B
"A,F"
"A,B"
C
"D,H,I"
"A,B,C,D"
"A,B,D,E,G,J"
A
J
"B,D"
"A,C"
"B,C,D,I"
"A,B,D,H"
"B,E,F"
"E,F,H,J"
"A,D,I"
"A,B,C,G"
"A,D,I"
"B,C,F,G"
"A,E,J"
"B,C"
"A,C"
"A,C"
"A,B"
"B,G"
"B,D"
"C,G,H"
"A,C,D"
"A,C,D,F,J"
H
"A,B,C,D,H,I"
B
"B,C,H"
"B,F,H"
"B,D,F,J"
A
"B,D,F"
"A,B,G"
"B,E,F,J"
"B,C,G"
"C,D,F"
"A,B,C,F,H,J"
"A,D"
"C,G,H"
"D,I"
C
"A,D"
"B,F"
"B,F"
"A,F,H"
"A,D"
B
"A,B"
"B,C,E,F,G"
"B,D"
"B,C,J"
"A,C,D,F,I"
I
"B,E,F"
"C,G,H"
"B,G"
A
"B,F"
"D,E,F"
"C,J"
"A,D,E,F,J"
"B,J"
"D,H,J"
"C,G,H"
"D,H"
"E,F"
"A,C,J"
"A,B"
"A,F"
"A,D,G"
"C,G,H"
"C,I"
"A,I"
B
"B,C"
D
"A,C,D,E,G"
"B,C,D,E,F"
B
G
"C,G,H"
"D,E,F"
"B,C"
B
"B,J"
"B,C,D,G,H,J"
"B,C,E,F,G"
"A,E"
B
"B,J"
C
A
"C,G,H"
"B,C"
"A,B"
"A,B,D"
"C,H"
"B,J"
"B,D"
"B,H"
"B,C,G"
"B,C"
"C,D,H"
"A,B"
"A,B,D,I,J"
"A,G,H"
"A,I"
"A,D,G"
"C,D"
"C,D,J"
"B,D"
"C,G,H"
"B,D"
"B,C,F,G,H"
"A,B,C,E,I,J"
"A,D,F,J"
"A,G"
"B,H"
"A,B,D"
"B,H,J"
"D,E,F"
"A,B"
"B,D,F"
"A,B,C,D,G,H"
"A,D"
B
"A,D,E,F,H,J"
"A,G"
"A,C,G"
"C,G,H"
"B,I"
"A,B"
A
"E,F"
"C,G,H"
"C,G,H"
"A,G"
"C,G,H"
"A,D"
"E,F"
"G,J"
"B,D"
"B,C,E,F"
"B,C"
"A,C,I"
"B,C,E,F,G"
"B,C"
"B,I"
"A,B,H"
"B,D"
"C,D,F,H"
"C,F"
"B,E,F"
"C,D"
"A,B,C"
"A,B,C,D,G,H"
"C,D"
"A,D,J"
"A,B,G"
"B,F"
"A,B,C,G"
"B,C,D,F"
"D,G"
"A,C,D"
"C,H"
A
"B,J"
"B,E,F"
"A,C,D"
B
"A,B,D"
"A,B,D,J"
"C,G,H"
"A,C,D"
"B,D,I"
"B,E,F"
"A,J"
"C,G,H"
"B,C,D,E,F"
A
"A,F"
"A,C,D,J"
"C,G,H"
"A,C,G"
"B,C,E,F"
"B,C,D,E,J"
"B,G"
"B,J"
"B,J"
"B,D,H"
"B,C"
"B,C,E,F,J"
"B,D"
"A,B,G"
"E,F,G,H"
"B,C,D"
"I,J"
"D,I"
"A,B"
"A,C"
"F,J"
"A,C,I"
"A,B,C,D,H"
"C,G,H"
"A,C,D,H"
"B,D,E,F,J"
"A,F"
"B,C,E,F"
"C,G,H"
"B,C,E,I"
"C,I"
"A,D,F,I"
"A,B,C,D,F"
"C,G,H"
"B,G,H"
"A,C,H,I,J"
"B,D,H"
"B,D"
"C,D"
"A,B,J"
"D,E,F,J"
"A,C,I,J"
"A,B,C,D,E,I"
"B,C,H"
J
"B,C,G"
"C,D,E,F"
"A,D"
"A,C,D,I"
I
"A,H"
"C,G,H"
"A,F"
"B,D"
"B,C,H"
"A,B,C,G,H"
"A,B,D"
"A,C,G"
"A,B,C"
B
"A,C,D,F,H,I"
"A,B,C,D,H,I"
"C,F"
A
"A,H,J"
"B,D"
"B,D,H"
"B,D"
"B,D,F,G,I"
"B,C,D"
"A,C"
"A,C,D,H,I"
B
"A,C"
"A,B"
"B,C,E,F"
"B,D,E,F,J"
"A,B,C,D,E,H"
"A,D,G"
"B,C"
B
"C,D,F"
B
"A,F"
"A,B,D"
"A,B,H"
"B,D"
"B,D,H"
"C,G,H"
"B,G"
"A,B,G,I"
"B,F,I"
C
"A,B"
"C,D"
"A,C"
"A,B,J"
"C,I"
B
"B,C,D,E,F"
"A,D"
F
"A,C,D,E"
I
"F,G"
"C,G,H"
"A,D"
"A,B,D,F,J"
"A,B"
B
"B,J"
"B,C,F"
"A,B,C,G"
"B,C"
B
"A,B,D,E,G,H"
"A,B,C"
A
"A,B,D,F,G"
"B,D,I"
"C,G,H"
B
"A,G"
"B,E,F,G"
"B,D"
"A,C"
B
"B,C"
"B,C"
"B,G"
"A,D,F"
B
"C,G,H"
"A,D,G,H"
"B,C,G"
"E,F,I"
"A,B,J"
"A,B,C,D,F,H"
"E,F,G"
"A,D"
B
"C,J"
"B,C"
"E,F,J"
"A,F"
"A,D,F"
"A,C"
"A,B,E"
C
"B,G"
C
"B,D,F"
"A,B,D,I"
"A,B,C"
"C,D"
"B,C,D"
"A,C,G"
"B,C,F"
D
"B,E,F,H"
"B,D,F,G"
"A,B,D"
"A,F"
"A,B"
"A,C,D,G"
B
A
"B,E,F"
"G,H"
"A,D,J"
"A,B,C,D,E,F"
"B,C,D,F,G"
B
A
"A,C"
"D,J"
"A,D,H"
"B,C,I"
"A,C,D,H"
"B,E,F"
B
"C,J"
"B,C,D"
"A,B,C,D,F,J"
"A,B"
"B,D,H"
"E,F"
"B,C"
"C,E,G"
"B,G"
"C,G,H"
"C,G,H"
"C,D"
"A,B,C,H"
B
"A,B,D"
"B,C,D,I"
"B,G"
"D,F"
"A,B,F,G,I,J"
"D,I"
"A,B,C,G,H"
"A,G,J"
"A,D,H,J"
"D,F"
"D,F"
"A,B,H"
"B,D,F,G,H"
D
"D,E,F"
"A,C,J"
"B,I"
"E,F,G"
"B,H"
"B,C,E,F"
A
D
"C,D"
"A,G"
"B,D"
"B,C,D"
"H,I"
"I,J"
"C,D,E,F,I"
"B,D,E,F"
A
"A,B,C,D,G,H"
"A,C,D"
H
B
"B,F"
"A,D"
"C,G,H"
"A,B,D,G"
"B,H"
"B,E,F,J"
"A,B,H"
"B,C,E,F,I"
"D,J"
"A,B,C"
"A,B,C"
G
"A,F"
"A,B,D"
"A,C,E,F,J"
"C,G,H"
"C,E,F,J"
"A,B"
"A,D,F"
B
"A,C"
"A,J"
"B,I"
"A,D"
"D,E,F"
"C,F"
"A,B,C,D"
"A,B"
"A,G"
"E,F"
"A,B"
"C,G,H"
"E,F"
"B,F"
"A,B,F,G,I"
"A,D"
"D,E,F"
"C,D,H"
"B,H"
"C,G,H"
"A,C"
"A,C"
"B,J"
"C,G,H"
C
C
"C,G,H"
"B,C,D,I,J"
"C,G,H"
"A,D"
"B,C"
"A,B,D"
J
"B,C,D,F,G"
"A,B,J"
"B,D,E,F"
"A,D,H"
B
"B,C"
"A,B,C,D"
"B,D,G"
A
"A,D"
"A,B,F"
A
"A,B"
A
"A,D"
"A,B,F"
"B,C,E,F,I"
"B,J"
D
"A,B,C,D,H,I"
"B,C,D"
"A,B,D,F,H"
"B,C"
"C,G,H"
"A,B,H,I"
"A,B"
"A,C,D,H"
"B,C,E,F"
"A,C,F"
"A,B"
"B,D"
"A,C,D,E,F"
"B,D,E,F"
"B,E,F,G"
"B,H"
"A,C"
"B,I"
"B,J"
"A,D,E,F,I"
"A,B,C,D,E,I"
"B,J"
"A,B,J"
"B,E,F,G,J"
"B,I"
"A,C,I,J"
"B,E,F"
"A,C,F,G"
"A,D,I"
"A,D,E,F"
"A,B,C,H,J"
"A,G,J"
"C,D"
"H,I"
"C,H"
"B,C,D,F,J"
"A,B,C,D,E,H"
"C,G,H"
"A,C,F,G,I"
"B,J"
"B,D"
D
"B,E,F"
"D,G"
"A,B,C,H"
"A,I"
"A,H"
"B,C"
"A,I"
"B,D"
"A,F,J"
"A,B,C"
"A,B,D,J"
"B,D,E"
"D,E,F"
"C,G,H"
"B,H"
"A,C,D"
"C,G,H"
"B,C,E,F"
"A,B,F"
"B,D"
"B,F"
"A,B"
"A,I"
"A,B"
"B,C"
"A,C,D"
"B,C,D"
"A,E,I"
C
"C,G,H"
D
"A,B,D"
"C,G,H"
"A,B,D"
"B,J"
"A,D"
"C,G,H"
"B,H"
"A,C,D"
"A,B,C,D,J"
"A,E,F"
"A,D"
B
"A,I"
"B,J"
"B,C"
C
"B,C"
"C,G,H"
"G,J"
"A,C,J"
"A,C,D"
"A,J"
"B,H"
"B,D,F"
"C,H"
"B,D,J"
"B,I"
"B,C,D,F"
D
"A,C"
"A,B,C,D,G,H"
"B,H"
B
"A,B,D"
"B,C"
F
B
"A,D"
"A,B"
"C,G,H"
"B,D"
"B,F"
"B,C"
"B,C"
"B,E,F"
"A,B,H"
"A,B,C,D"
"B,D"
"B,C,D"
"A,B,H,J"
"A,C,F"
"A,D"
"A,D"
"B,D,H"
"A,G"
"B,C,D,F"
"A,B,C,D,H"
"A,C"
"B,C,E,F"
"C,D"
D
"B,D"
"B,F,H"
"B,D"
"A,B"
"A,B,D"
B
"B,H"
"A,B,C,G"
"A,B,C"
"B,C,I"
"A,B,D"
"C,D"
"B,D,E,F"
"B,H"
"B,G"
"A,C"
"A,B,H"
"B,C,D,I"
"A,C,I"
"C,G,H"
"B,F,G"
"A,B,I"
"E,F"
B
"B,C,I"
"B,C,D,F,I"
B
"C,E,F"
"A,B,H"
"C,D"
"C,G,H"
"E,F,G"
"B,E,F,G"
"B,D,G"
"A,D,J"
"C,D"
"A,D,G"
"B,C"
"B,E,F"
"D,I"
"A,B"
"B,D,E,I,J"
"C,G,H"
"A,C,D,G"
"A,C,I"
"B,C,F"
"B,E,F"
"A,B,D,E,F,I"
"A,D"
"A,C"
"A,B"
"B,D,E,F,I"
"C,F"
"A,B,C"
"F,J"
"A,F"
"A,D"
"C,D"
"A,D,E"
"A,F,J"
"B,D,E,F"
"A,C"
"A,C,G"
"C,G,H"
C
B
"A,I,J"
"A,D,I"
"B,J"
I
"B,D,J"
"A,B,C"
"A,D,F"
"B,F"
"B,C,F"
"B,E,F"
"B,E,F"
"A,D"
"A,D"
"B,J"
"A,B,G,J"
"B,D"
"A,C"
"B,H"
"B,D,H"
"B,C"
B
"A,D,H"
"B,D"
"B,J"
"A,B,D"
"D,J"
"A,B"
"A,B,C,D,E,I"
"B,C"
"A,C"
"B,F,H,I"
"B,D"
"A,G"
"A,I"
"B,C,H"
"E,F"
"B,I,J"
"B,E,F"
"B,D"
"A,B,C,D,F"
"B,C,J"
B
"C,D"
"A,G,H"
"B,C"
"B,F,J"
"C,G,H"
A
"E,F"
"A,F,G"
"A,D,I"
"B,C,E"
"A,B,C,E,G,J"
"B,H"
"A,B"
"B,G,J"
"E,F"
"C,F"
"D,H"
"D,G"
"E,F,G,H,J"
"A,B,C,D"
"E,F,H"
"C,D,F"
"D,I"
"E,F"
"A,D"
"C,G,H"
"C,D"
"A,D"
"E,F,I"
"D,G"
"D,E,F"
"B,C,D,I"
"A,G"
"A,D"
"E,F,J"
"A,B,C"
"A,B,C,D,F,H"
"A,I"
"A,C,H"
"B,D,G"
"A,D"
"A,B,F"
"C,D,J"
"A,B,D"
"A,B,C"
"C,G,H"
"C,G,H"
"B,C"
"B,D"
"A,B,F"
"A,B,D,F"
"A,E,F"
"A,B,J"
"A,C"
"A,C"
"D,G"
"B,E,F,H"
"C,G,H"
"D,H"
"B,D,F,J"
A
"B,E,F"
"B,D"
"B,C,D,G,I"
B
"B,F"
"B,J"
"A,J"
"D,E,F"
"A,H,J"
"E,F"
"B,D,E,F"
"B,E,F"
"A,H"
"B,E,F"
B
C
"B,E,F"
"A,C,D"
"D,G"
"A,J"
"B,C,I,J"
"B,C"
"A,C"
"A,B,C,F,G,J"
"A,C,D,G"
"A,B"
"A,B,I"
"A,D"
"A,B,C"
"A,C"
"C,G,H"
"B,C,E,F,H"
"B,C,E,F,I"
"A,C"
"C,D"
"C,E,F"
B
"B,D,F"
"B,C"
"B,D,F,H,J"
"C,G"
B
"B,C,D,E,F"
B
"B,E,F"
"A,B"
"A,D"
"A,F,H"
"C,E,F,G,H"
"C,G,H"
"A,I"
"A,B,C,D,E,I"
"B,C"
"B,J"
"C,I"
"A,C,D,H,I"
"A,D,G"
"B,E,F"
"B,C,D"
"A,B,C,D,F"
"B,D"
"A,C,H,I"
"A,D"
"A,D"
"B,C,D"
"A,J"
"B,E,F"
"C,G,H"
"A,B,C,E,F"
"B,C"
"A,B,D"
"C,G,H"
"B,C"
"B,C,D"
"A,D,F,H"
D
"C,G"
"B,D"
"E,F"
"A,C,D,F,I"
"C,D"
"E,F"
"B,E,F"
A
"E,F,H"
B
"C,G,H"
"B,C"
"E,F"
"B,D"
"B,C,J"
"C,G,H"
"A,B,C,D,I,J"
"B,C,E,F"
"B,D"
"C,G,H"
"A,B,G,J"
"B,D,G,H,J"
"B,E,F"
"A,B,I"
"A,B,C,D"
"A,B,C,D"
"A,B,D"
B
"C,G,H"
"C,G,H"
"B,C,F,H"
"A,D"
"A,D"
B
"B,C"
B
"B,C,G"
"B,D"
C
"D,F,G"
"A,C,D"
"C,D,E,F"
"D,G"
"A,G"
"C,G,H"
"A,D,I"
"A,C"
"B,D,F"
"E,F"
"B,C"
"D,I"
"A,H,I"
"B,C,D"
"B,D,E,F"
"B,D"
"A,B,J"
"A,C"
"A,H,J"
B
"A,H"
"A,I"
"B,E,F"
"B,G"
"A,B"
"A,B,D,F,I,J"
B
B
A
"B,E,F"
"A,I"
"A,C"
"A,B"
"B,D,G,H,I"
"A,H"
"G,H,J"
"B,D,G"
A
"A,B"
"B,H"
"B,C,H"
"B,D,H,J"
A
"A,C"
"E,F,J"
"A,C,F,H"
"B,E,F,G"
"A,D"
"A,C,E,F"
D
"B,D"
"A,B"
D
"B,D"
B
"A,C,D,F"
"A,C,D"
"C,G,H"
"A,C,F,H"
"D,E,F"
"B,E,F,G"
"A,B,G"
"A,C,F,I,J"
"A,B,E,F,H,J"
"A,B,C,F"
"D,E,F"
"A,B"
H
"A,B,E,G,I,J"
"A,B,H"
"C,I"
"D,F"
A
B
"A,J"
"A,C,G,J"
"A,D"
A
"B,G"
"C,D"
"A,C"
"B,J"
"B,D"
"B,F"
"B,C"
"C,E,F"
"C,D"
"B,C,J"
"A,D"
H
"B,C,H"
"B,D"
"A,B,C,D"
"A,B,C,H"
"B,C,D"
"B,E,F,G,I"
"A,C,I,J"
"F,J"
"A,H,I"
A
"A,B,C,D,G,J"
"B,C,I"
"A,D,E,F,H"
"A,D"
"A,C"
"A,B,C,D,G,H"
"A,B,C,D,H"
"B,C,D,F"
G
"B,D"
"B,D"
"B,D,E,H,I"
"B,C,D,G,J"
"B,D,F,I,J"
C
"B,C"
"B,D,E,F,I"
"C,D"
"C,D,F,G"
"B,D,H"
"B,E,F"
"B,F"
"B,C,F"
"A,B"
"A,B,C,J"
"B,C,D,J"
"B,G"
"A,B,D"
"A,F"
"B,F"
"A,B,F"
"A,D"
"A,B"
"B,C,G,H"
"A,C,D,E,F"
"B,C,E,F"
"B,C,E,F"
C
A
"A,B,C,D,F,J"
"B,C,D"
B
"B,C,E,F,J"
"B,D"
"A,H"
"A,B,C"
"B,C,D,E,F"
"D,E,F"
"C,J"
"A,B,C"
"C,F"
"D,G"
"B,J"
"A,B,C,D,G,J"
B
B
"A,B,C,D,H"
"A,B,C"
"C,G,H"
A
"B,F,J"
"A,H,I,J"
"A,H"
"A,C,F,H,J"
"A,B,C,D,G,J"
"B,H"
"C,G,H"
"A,B,D,F"
"C,E,F"
"B,C"
"A,B,F,G"
"A,C"
"A,B,D,F,H"
"B,D,J"
"A,F,G"
"B,F"
"B,D"
"A,D"
"A,I"
"A,B,G"
"B,D,F,G"
"A,C"
"B,C,H,I"
F
"A,B"
"A,E,F,J"
"B,G"
"C,G,H"
"B,F,G,H"
"A,B"
"A,G,H"
"A,B,D,H"
"A,B,I,J"
"A,J"
"A,B,I"
D
"B,D"
"B,F,H"
"A,I"
"B,I"
"A,D"
"A,B,F,I"
"A,B,D,G,J"
"A,B,C,D,G,I"
"A,B,C,D,F"
G
"C,G,H"
"C,G,H"
"B,D"
"A,D,H"
"A,D"
"C,G,H"
"A,B,C,D,E,G"
"B,C"
"A,D"
"G,I"
"A,C"
"A,B"
"A,B"
"A,C"
"B,C,J"
"B,C,D,F,I"
"B,E,F"
A
H
"D,F"
"A,F"
B
"B,D,J"
"A,D"
"A,B,D,G"
"A,B,C,I"
C
"B,F,H"
J
"A,B"
"B,E"
"A,B,H"
"B,G,I"
"A,D"
"A,C,G,I"
"B,F"
"B,D,E,F,H"
"A,D"
"B,C,D,I"
F
"A,B"
"A,F"
"E,F"
C
"A,B"
"B,H"
"A,B,D"
"A,D"
"B,D,G"
"B,I"
"A,F"
B
"A,B"
J
"B,D"
"B,F"
"B,D,F"
B
"D,H,J"
"A,B,D,F"
"A,B,D"
"B,I"
A
"C,D"
"B,H"
"A,B,G"
"B,C,D,E,I,J"
"A,H"
"B,C"
"B,C"
B
"C,E,F,G"
A
"B,D"
"D,G,I"
B
"B,D"
"B,I"
"A,D"
"A,B,C,E,F,J"
"A,B,D"
"C,G,H"
"B,C,D,F"
"B,H"
"B,C,J"
"A,B,D,F,I"
"A,C"
"D,H,J"
B
"B,D,J"
"A,C,I"
"C,D,I"
"A,F"
"B,D,E,F"
"A,F"
"B,E,F"
C
"A,B,D,H,I,J"
"C,D,F"
B
"A,C,I"
D
A
"A,B,C,F,I,J"
"A,B,C,D"
"A,C"
"E,F"
"B,C,E,F"
"A,C,J"
"B,D,H"
"B,C"
"A,B"
"A,D,I"
"A,C,F"
"A,B,C"
"A,F"
"B,G"
A
B
"B,D,J"
"B,C"
"A,B"
"A,J"
"A,B,D"
"B,C,D,F,H,J"
"B,D,E,F,G"
"B,C,I"
C
"A,I"
"A,D"
"A,B,C,G,I,J"
"A,B"
B
"A,J"
"B,C"
A
"C,D"
"C,H"
B
"A,B,C"
A
"A,B,C,F,G,I"
"A,F"
"B,E,F,I"
"H,I"
"B,C,D,F,J"
"A,F"
"A,C,D,E,I"
"A,C,D"
"B,J"
"B,D"
"A,B,J"
"C,J"
"A,D"
"A,B,C,D,E,I"
"A,D"
"B,G,J"
"A,B,C,F"
"B,C,H"
"B,C"
G
"C,D,H,I"
"A,B,D"
"B,E,F"
"A,F,H,I,J"
"A,B,C"
"B,C,G"
"B,C,G,H,I"
"A,B,C"
"B,F"
"A,B"
"C,E,F"
"F,G"
"A,B,C,D,F"
"D,F"
"B,C,D"
"A,B,D,F,G,J"
"C,G,H"
G
"B,E,F"
"A,C,J"
"B,E,F"
"A,G"
"B,C,J"
"A,C"
"C,G,H"
"A,B,D"
"B,D"
"A,B,C,J"
"B,E,F,G"
"B,C,D"
"A,C,D,G"
"B,H"
"B,I"
"A,B"
"A,B,C,D,F"
"B,E,F"
"B,D"
"A,D"
A
"C,J"
"B,D,F"
"C,G,H"
"B,C,H"
"B,D"
"B,C,E,F,G"
"A,B,I,J"
"B,D,G,I"
"B,D,F"
"A,D"
"A,B"
"A,B,F"
"B,I"
"B,D,H"
"B,C,D,G"
"B,C,D,E,F,H"
"B,D,G"
"A,C"
"B,D,J"
"B,C"
"A,F"
"A,C"
"A,E,F,H"
"A,B,E,F,G"
"A,C"
"A,D"
"A,B,G"
"A,B,C,D,F,H"
"G,H,I"
"C,H,J"
"B,C,H"
"A,C,J"
"A,B,C,F,G"
"B,I"
I
"B,C,D,F,G"
"A,D"
"B,F,I"
"B,D"
B
"B,D"
"A,C"
"A,E,F"
"C,H"
"A,B,D"
"A,D"
"B,J"
"B,I"
B
"D,H"
"A,C,D,E,G,H"
"B,G"
"B,D"
"I,J"
C
"A,D"
"A,B"
"A,B"
"B,I"
"A,D"
"C,G,H"
"A,D,I"
"C,G,H"
"B,C"
"B,D"
"A,C"
"B,C,D,E,H"
"A,C"
"C,E,F"
"C,F"
"B,C,D"
"B,C,D"
"C,D"
"A,B,H"
"B,D,G"
"A,D,G"
"B,C,D,E,J"
"D,I"
"C,D,I"
"A,F"
B
"B,C,D,E,F"
"A,B,C"
"B,C,H"
"A,B,C,D,I"
D
"B,C,D,H,J"
"B,D,H"
A
"A,G"
"A,D"
"A,B,D,H,I"
D
"B,G"
"G,J"
"A,I"
G
"C,G,H"
"C,D,I"
A
A
"C,G,H"
"C,E,F"
"B,G"
"A,C,D"
"G,I"
"A,B,D"
"C,D"
"D,F"
"B,C,D,I,J"
"A,C,D,G,H"
"H,J"
I
"A,D"
"H,J"
"C,D"
"C,H"
"A,G"
"A,B,D,I"
"B,D,E,F"
"A,G"
"B,F,J"
"A,I"
"A,D,J"
"B,D"
"A,D,E,H,I"
"A,B"
"B,C,D,F"
"C,G,H"
"B,C"
B
"E,F,H"
"A,D,G"
"B,F"
"C,G,H"
"A,D,F,G"
"B,C"
A
"A,C"
"A,B,C"
"A,B,C,D"
"H,J"
"C,G,H"
"B,C,D,J"
"B,C"
B
"A,C,G"
"A,J"
"B,C,E,F,H,I"
"E,F"
"B,D"
"A,G"
"A,C"
D
"E,F"
"C,G,H"
"B,E,F,H"
"B,C"
"A,B,C,D,G,J"
"A,C"
"B,I"
"A,J"
"B,C,I"
"A,B,C,D,E"
"B,C,G,J"
"C,G,H"
"B,H,J"
"B,D"
B
"A,B,C,F,J"
"B,D"
"A,B"
"H,J"
"A,C"
"B,C"
"C,G,H"
"B,C"
"B,D"
"C,G,H"
"B,C"
"A,B,F"
"A,D,I"
"A,D"
B
"B,C,D,F,H"
"B,C,E,F"
"C,G,H"
"C,H"
"A,C,D"
"A,C,D,E,G"
"A,B,C,I"
"C,D"
"A,C"
"E,F,I"
"B,D"
"A,D"
"B,C"
B
"B,E,F"
"G,J"
"B,C"
"C,F,I"
"A,C,D"
"B,H"
"A,B,C"
A
"A,D"
"B,D,E,F"
"A,B,F"
"A,C"
"C,G"
"A,C,D,E,F"
"D,E,F"
C
"E,F,H,J"
"A,B,C,I"
"B,E,F"
"A,B,D"
"B,D"
"A,G"
"B,C,E,I,J"
"A,B,C,F"
"A,I"
"A,B"
"A,F,J"
"B,C,F"
"E,F,H"
"B,C,F,G"
"B,D,F,H,J"
"A,B,C,D,F,G"
"A,J"
"E,F"
"B,C"
B
"B,C"
"C,E,F"
A
A
"A,B,C,D,I"
J
"A,I"
"A,I"
"A,C,D,H"
"C,G,H"
"C,D"
"D,E,F"
"A,B,J"
"A,B"
"A,B,I"
A
"B,C"
"B,C"
"B,C,E,F,J"
"C,E,F"
"A,E"
"A,G"
"C,F"
B
"A,C,F"
"A,I"
"B,F"
"B,D"
"E,F,G"
"A,H"
"B,C"
"B,C,D,F,H"
"C,G,H"
"A,B"
"A,C,H"
"H,J"
C
"C,E,F,I"
"B,F"
"A,C"
"A,B,D"
"C,G,H"
"B,D"
"B,G"
"B,D,E,F,H,J"
"C,G,H"
"E,F"
"B,C,D,I"
J
"B,D"
"A,B"
"A,B,D,G"
"A,B,C,D,E,I"
"C,I"
"A,C,H"
"C,G,H"
"A,B,G"
"B,C,D"
"B,C,G"
"A,D,F"
"A,B,J"
"B,C,F"
"E,F,G"
"B,D"
"A,D,J"
"A,B,I"
"B,C"
"A,C,F"
"C,G,H"
"A,I"
"A,B,C,F,I,J"
"C,G,H"
"C,G,H"
"A,C"
"A,I,J"
"B,D"
"B,C,G,I"
A
"C,I"
"C,I"
"E,F,I"
C
I
"A,C,H"
"B,C,D,F"
B
"A,B"
"D,E,F"
"B,E,F,I"
"A,B,C"
"A,C,D"
"B,D"
A
"A,B"
C
"C,G,H"
"B,E,F,G"
"B,E,F"
"C,H,I"
"B,E,I"
"A,B,C,D,H,I"
"A,G"
A
B
"E,F"
"A,B,D"
"C,H"
"A,B,C"
"B,E,F"
"C,G,H"
"B,D"
"A,C"
B
"B,D"
"A,B,C,H"
"D,E,F"
"A,B"
"B,C"
"C,G,H"
J
"C,I,J"
"D,G"
"C,G"
"D,I"
"A,I"
"B,D"
"A,B,C"
"A,I,J"
"A,B,C,D"
"B,I"
C
"A,B"
"A,B,D"
"C,D"
"A,B,D"
"C,G,H"
"A,C,J"
"C,G,H"
A
"A,B,I"
"A,D"
"E,F"
"C,D"
"B,C,J"
"C,G,H"
"F,I"
"B,D,H"
"A,B,H"
"A,I"
A
C
"B,E,F"
"B,C"
"B,C,D,E,F"
"A,B,F"
"C,D,I"
"B,F"
"C,G,H"
"A,C,D,G,H"
"A,B"
"B,D,E,F,J"
"B,C,D"
"A,B"
"B,C"
"A,B,E,F"
"B,C,D,J"
"C,G,H"
F
"B,C"
"A,B,H"
"A,C,I"
"A,D"
"A,C,D,E,I"
"A,B,H"
"A,G"
"E,F,J"
"C,D,J"
J
"B,D"
"A,B,D,H"
"A,B,C,D,G,J"
"B,E,F"
"A,B,F"
"C,D"
"A,B,I"
"B,C,E,F"
"B,D"
"A,D"
A
"B,E,F,H"
"A,B,D,J"
"E,F"
"A,B"
"B,J"
"A,B,C"
"B,C"
A
"A,C,G,H"
"B,C,E,F,I"
"A,D"
"A,B,H"
"B,I,J"
"A,C,D"
"B,C,D"
"A,B"
"A,B,C,D,F,H"
"B,G,H"
"C,E,F"
"B,D,G"
"B,H"
"C,G,H"
"A,C,D"
"A,C"
B
"A,B,C,D,H"
"D,F"
"B,D"
"A,C"
"B,I"
"A,C,I"
"A,C,F"
"C,G,H"
F
"A,D"
"B,C,I"
"A,D"
A
G
"A,B,C"
"A,C,D"
"B,E,F"
"A,B,C,F,G"
"B,C"
"A,D,I"
"A,B"
"B,C"
"A,G"
"A,B,D,J"
B
"B,C,D"
"B,D,E"
"B,G"
"A,B,C,D"
"B,C,F,G,H"
"A,B,D,I"
"A,B,C,D"
"A,F"
"G,J"
"A,D,H"
"B,G"
"B,C,G,H"
"B,C,D,H"
"A,B"
"B,C,E,F,I"
"A,B,I"
"A,B,C,D"
"B,E,F"
"B,D"
"E,F"
"B,D"
"B,D"
"B,C,D"
"C,D"
"C,G,H"
"B,D"
"B,I"
"A,B"
"B,C,E,F"
"A,C"
"B,D,E,F"
"B,C"
"A,B,C,D,H"
A
"A,J"
"A,F,H"
"C,G,H"
"B,H"
"C,I"
"A,B,J"
A
"A,D"
A
"B,C,F"
"A,C,D,E,H"
"B,D,F"
"A,D"
"B,C"
"A,H,J"
"A,D,G"
"B,F"
"A,C,I"
"A,D"
"F,I"
"B,C,D"
B
"A,B"
"E,F"
"A,B,C"
"A,B,C"
"B,F"
"A,D,J"
"A,C,G"
"B,G"
"A,F"
"A,B,I"
"B,C,E,F"
"B,E,F"
"B,C,F"
"D,J"
"A,B,C,D,F"
"C,E,F"
"D,F"
"B,C"
"B,D,I"
"C,H,I"
"C,G,H"
"A,J"
"B,H"
"C,G,H"
"A,C,H"
"B,C,I"
"B,D,E,F,I"
"B,D,I"
"A,B,I"
"B,C,D,F"
"A,F,G"
D
"A,B,C,H"
"C,J"
"C,G,H"
H
"C,G,H"
"B,C,D,G,H"
"B,C,D,G,J"
"A,H"
"B,G"
"B,C,J"
"A,H"
A
G
"D,G"
"A,B,C,D,I"
"B,D,F"
"C,I"
"G,H"
"B,C,J"
"B,D,F,G"
B
"B,C"
"A,B"
"C,G,H"
"D,I"
"C,E,F"
"B,I"
A
"C,G"
"C,J"
"B,D,J"
B
"B,C,D"
"C,G,H"
"A,J"
"B,C"
"B,C,I,J"
"B,D"
"B,D"
"A,B,C,D,H,I"
"A,B,E,F,H,J"
"E,F,I"
"A,F,I"
"B,C,D"
"A,J"
C
"B,C,D,G"
"A,B,I"
"C,G,H"
"A,C"
"A,B,C,E,H,J"
"B,C,D,E,F"
"C,I"
"B,G"
"A,C"
"A,C"
J
B
"B,F"
"C,G,H"
B
"A,F"
"A,B,F,J"
"B,C"
"F,H,I,J"
"B,J"
"B,G,J"
"A,C,D,G"
"A,B,C,G,J"
"A,C,G"
"A,B,C,E,F,G"
"A,B"
J
"A,C,I"
"A,J"
"F,H,I"
"C,G,H"
"A,B,C,D,H,I"
"B,I"
"B,E,F"
"A,B"
"A,D,F"
"A,C,D"
"B,I"
"F,H"
"C,G,H"
"A,D"
"C,D"
H
"B,C,D,F,H"
"D,E,F"
B
H
"D,F,G"
"B,G,I"
"A,B,C,G,H"
"B,E,F,I"
"B,C,E,H,J"
B
"A,B,H"
"B,F"
"B,G"
C
"B,D,E,F"
B
"B,I"
A
"A,D"
B
A
B
"A,C,D,F"
"A,B,C,D,F,G"
"B,E,J"
"D,E,F"
"A,C,D"
"B,D,I"
"B,C,D,J"
"C,D,E,F"
"B,D,E,F,I"
"B,C,I"
"A,C"
"A,G"
D
"A,F"
"A,C"
"A,F"
"A,D,J"
"B,D,F,H"
"B,I"
"A,C,D,F,I"
D
"B,D"
"B,C,I"
B
"A,C"
D
"D,J"
"C,G,H"
F
"A,D"
B
"B,H"
"A,D,H"
"B,C,F"
"A,B,C,I"
"A,C"
"B,E,F"
I
"C,D,J"
"B,D"
"E,F,G"
"A,B,D"
"A,B,C,D"
"A,J"
"D,E,F,I"
"A,D"
"A,J"
"A,B,C"
"B,D"
"A,C,D"
"C,G,H"
"C,G,H"
"B,D,G"
"B,C,D"
"E,F"
"A,H"
"A,B"
"C,G,H"
"E,F"
"C,E,F,H,J"
"A,B"
"A,D"
"A,B,G"
"A,G"
"A,B,I"
C
"B,D"
"C,G,H"
"A,B,C,D,E,I"
"B,I"
"D,I"
"A,G"
"B,H"
"A,J"
C
"A,B,D,G"
"B,D"
"A,D"
"A,B"
"B,C"
"B,C,D,E,G,H"
"A,C,D"
"A,G"
"A,B,F,I"
"B,C"
"E,F,H"
"A,B"
"C,G,H"
A
D
"D,E,F,G"
"C,G,H"
"D,E,F"
"A,D"
"B,J"
"A,C,I"
"C,G,H"
A
"A,B,D"
A
"A,B,D,G"
"B,E,F"
"A,C,G"
"B,C"
"A,B,J"
"A,B,C,D"
"B,C"
B
"A,B,C"
"A,C"
"C,D"
"A,B,C,F"
"A,B,C,D"
"A,B"
"A,B"
"B,C"
"C,G,H"
"A,B,J"
G
"A,C,I"
"A,B,D,E,F"
"A,D,I"
"B,F,I"
"C,F,G"
"A,D"
"A,H"
"B,C"
"A,C,D"
"B,C"
"A,C,I"
"B,D"
"B,H"
"B,C"
"A,C,H,J"
"E,F,H,J"
"A,I"
"B,C,D,E,F"
"B,C,D,F,H"
"C,G,H"
"B,F"
"B,C,D,G"
"B,C"
"B,G"
G
"A,G"
"D,J"
"B,J"
"A,D"
"A,C,F"
"A,B,F"
"A,B"
"A,B,D"
"A,D,F"
"A,C"
"A,B"
"A,J"
"A,B"
"D,F"
"A,I"
"B,C,D"
"A,B,D"
B
"B,C"
"A,B"
"B,H,J"
"A,C"
"B,H"
"A,B"
"C,H"
"C,H"
"B,J"
"A,C"
"A,G"
"A,I"
"B,D"
"A,C,I"
"F,G"
"B,D"
"A,B,C"
F
D
"A,B,D,E,F,G"
"A,B"
"B,D"
"C,D"
"B,C,E,F,J"
"A,G"
"B,D"
"C,E,F,G"
"B,C"
"B,D"
I
"B,D"
"B,D"
"B,E,F"
"B,C"
"B,C,G"
"B,I"
"C,G,H"
A
"B,D,H"
"B,C"
"B,C,D"
"A,E,F"
"A,F"
"B,C"
"E,F,J"
"B,D,E,F"
"A,B"
B
"A,B,D"
"A,B,C,D,J"
C
"A,E"
"B,G,J"
"A,D"
"B,J"
"B,C,D,F,H"
"B,C,D,E,I"
A
"A,G"
"B,C,E,F"
"C,G,H"
"C,E,F,H"
"A,D"
B
"A,C"
H
"B,E,F,I"
"G,J"
"A,B,C"
"E,F,H"
"A,B,D,G,H,I"
"B,C"
A
"A,D"
"A,B"
"D,I"
"A,C"
"A,B"
"B,C"
A
"C,G,H"
"D,E,F,J"
"C,I"
B
"C,G,H"
"D,I,J"
"A,H"
"B,D"
H
"D,I"
"A,H"
"B,J"
"B,F,J"
"B,D,F,I"
"A,D"
"A,H"
"A,B,C"
B
"B,C"
"A,B"
"D,J"
"A,I"
"B,C,D,H"
"H,J"
"A,C,D"
"B,G"
"C,G,H"
"B,C"
"A,D,J"
"B,E,F"
"A,C,I"
"B,D"
"A,B"
"B,C"
"B,D,H,I,J"
"A,D,J"
B
"A,B,D"
"A,B,C,D"
"H,I"
"A,D"
"B,E,F"
"B,C"
"C,G,H"
"C,G,H"
"A,B"
"C,G,H"
"A,G,J"
"C,G,H"
"C,G,H"
"B,D,E,G,I"
"A,C,E,F,H"
"A,B,I"
"A,B,C,D,G"
"E,F"
"A,I"
"B,C,H,I"
A
"B,E,F,G,J"
"A,C,F"
"A,B,D"
"C,D,E,F,I"
"B,C"
"A,B,H"
"A,B,C,H"
"C,G,H"
"A,C,I"
"A,B,F"
"B,C,E,F,H,I"
"B,C,I"
"C,E,F"
"B,D"
"B,C"
"B,C,D"
"B,D,G"
"B,F,G"
"B,D,E,F,J"
"B,C,D"
"B,E,F,G"
"B,D"
"A,I"
"A,D"
"A,B,C,D,I,J"
"B,C"
"B,C"
"B,J"
"A,H"
"C,F"
B
"A,B,C,G,I"
"A,C,J"
"B,C,J"
"B,D,G"
"B,E"
B
"A,C,I"
"A,C"
"A,C,D,F,H"
"A,B"
"B,D,F,J"
"A,B"
"A,D"
"B,E,F"
"C,H"
"A,C,D"
"C,D,G,J"
"B,J"
"B,D,G"
"A,D"
"B,I"
"E,F,I"
"D,E,F"
"A,D,J"
"A,B,I"
"A,C"
"A,B,C"
"A,F,G"
B
"B,C,D,H,I"
"B,D"
B
"D,I"
"A,C,I,J"
"A,B"
"A,B"
"A,D"
"B,C"
"A,B,D,F,G,H"
"A,B,D"
"B,D,F,G"
"A,B,I"
"C,G,H"
"B,C,D"
A
"B,C"
"A,B"
"A,G"
G
"B,I"
"C,G,H"
B
"C,G,H"
"A,C,D,G"
"B,E,I"
"A,C,D"
"A,D"
F
"B,G"
"A,J"
"B,D,I"
"A,B,F,I"
"A,B"
"D,H"
"A,C"
"A,G"
"B,C"
"B,D,I"
"A,F,J"
"C,I"
"B,C,E,F,J"
"A,C,F"
"A,C,F"
"C,G,H"
"B,C"
"A,C"
"C,D"
"A,B,C,D,H,I"
"A,B,F"
"A,B,F,H"
"B,D,H,I,J"
"B,C"
G
"A,B,H"
"D,I"
"A,B,C,D,G,J"
F
B
"D,H"
B
"B,C"
"A,D"
"A,B"
"F,H"
"A,C,D"
"A,J"
"C,D"
"B,I"
I
"A,B,D"
"B,D"
"D,G"
B
"A,C"
"B,C"
"A,C,D,G,I"
"D,J"
"D,G,H"
"B,D,E,G,H"
"B,E,F,H"
"A,B,C,D"
"B,C,D,G"
"D,G"
"B,I"
"A,C"
"E,F"
"A,B,D"
"A,J"
"B,C"
"A,C,D"
B
"B,D,G"
"D,F,H"
"A,C,D"
"C,I"
"A,H"
C
"B,E,F"
"C,J"
"B,J"
"C,G,H"
"D,H"
"B,J"
"A,C,D"
"B,C,H"
"A,H"
"A,C,D,G,I,J"
"A,C,G,H"
"B,I"
"A,B,D,E,I,J"
"B,D"
"A,B,D,J"
"A,G,I"
"C,H"
"A,B,C,F,G,I"
"B,H"
A
"A,B"
"C,G,H"
"B,H"
"B,C,D"
"D,G"
"A,D"
"A,B,C,J"
"A,D"
"A,B,D"
B
"B,D,E,F,I"
D
"A,B,F"
"A,I"
"D,G"
"B,J"
"B,D"
"A,B"
"C,D,E,F"
"A,C,E,G,I"
"A,C,D"
"A,D"
"A,B,C"
"C,E,F"
A
"B,E,F"
"B,G"
"A,I"
"B,I"
"B,H"
"B,C,D,G,H,I"
"A,D,I,J"
"C,I"
"B,D"
"A,C"
"A,B,H,J"
H
"B,D"
B
H
"A,D"
"B,H"
"A,G"
"A,B,C,G"
"D,H"
"A,E,F"
"A,B,C,G"
B
"B,D,E,F"
"A,D"
"A,C,D"
"C,G,H"
"B,F"
"A,B,F,J"
"B,D"
"B,C"
"A,B,D,E,H,I"
"D,F"
"B,F"
"B,I"
D
"A,I"
"A,H"
B
"A,B"
"A,D,E,I,J"
"A,D,I"
"B,F"
"C,D,J"
"B,D"
"A,B,D,E,F,I"
"B,C,E,F,G"
"A,C"
"A,I"
"B,E,F"
"A,B,C,D"
"B,C"
B
"A,J"
"A,C,D"
"A,B,D"
"A,C,J"
"B,C,D,G,I"
"A,D,E,F"
A
"A,C,F"
"B,D"
"D,H,I"
"D,H"
"A,B,C,I"
"A,D"
"A,B,C,F"
"C,G,H"
"A,C"
"A,C,E,F"
"B,D"
"A,B,C"
"A,C,D,I"
"F,J"
"B,D,E,F"
"A,B,D"
"C,G,H"
"A,C,F,H,I"
"A,H"
"A,B,H,J"
"B,C"
"A,C,E,F,G"
"B,D,G,J"
"B,C"
"E,F"
"A,B,C,D,E,F"
"A,B,C"
"D,E,F,I,J"
"B,F"
"C,G"
"A,B,C,D,H,I"
"A,B,C,D,J"
A
"C,H"
D
"B,J"
"D,G"
"C,G,H"
"D,I"
"C,G,H"
"C,G,H"
D
"C,G,H"
"A,D"
"A,B"
"B,C"
"B,G,I"
"B,C,D,G,I"
A
A
"B,C,I"
"A,C"
"B,C,D,E,F"
B
"B,C"
"A,B,C,D,G,J"
"C,G,H"
"B,E"
"B,C"
"A,D,G"
"A,B,C"
"B,C"
"B,H"
"A,B"
"B,D"
"D,J"
"A,C,D"
"B,C,D,F,G,I"
"A,F"
B
"A,D"
"D,E,F"
"B,C"
"B,D,G"
"C,D"
B
"A,C"
"B,C"
"B,C,F,G,J"
"A,B,C,D,H,I"
"A,B,G,I"
"B,D"
"B,H"
"E,F,G,J"
G
B
"A,B,D"
"B,H"
"A,B"
"B,E,F,J"
"D,I"
B
"A,B,I"
"B,F"
"B,C"
"B,D"
"A,B,C,I"
"A,I"
"A,B,C,D"
"A,B,C,D,H"
"A,C"
"A,C"
"B,E,F"
"C,G,H"
"A,G"
"B,J"
"E,F"
"B,C,E,J"
"A,B,C,D"
"C,D,H"
"A,B,C,D,H,J"
"A,B,C,E,H,I"
"C,G,H"
A
"C,G,H"
"B,E,F"
"C,D,E,F"
B
"A,C"
A
"A,C,D,H,I"
"B,C"
"C,F"
"A,B"
"C,G,H"
"A,B,D,H,I"
"B,C,I"
"A,D"
"A,B,H"
"C,G,H"
"B,C"
C
"C,D,H,I"
"A,B,D,I"
"B,C,H"
"B,E,F"
"A,C,D"
"A,B,D"
"B,D,E,F"
"A,B,C,D"
"A,J"
"A,D"
"B,D"
"A,C"
"C,E,F"
"C,G,H"
"B,D,E,F"
"A,B,D"
"B,F"
B
"A,B"
"B,D"
"A,B,C,D"
"A,B,C,D,J"
"C,D"
"A,C,D,G,I,J"
"C,G,H"
"C,G,H"
"B,F,G,H"
"A,D"
"B,D"
"A,B,D,E,I,J"
"A,D,F,G"
"A,B,C,D"
"B,C,I"
"B,D"
"B,C,F,H"
"A,B,C,D,G,I"
B
"A,J"
"B,C"
"B,C"
"F,H"
C
"A,C,D,G,I"
"E,F,G,H"
"B,G"
"B,C,D,F,J"
"B,C,D"
"A,B"
A
"B,E,F"
"B,D"
"B,C"
"C,G,H"
"B,D,G"
"B,E,F"
"B,D"
"A,B,C,D,H"
"F,G"
"B,E,F"
"C,G,H"
"A,B,C"
"B,E,F"
"A,C,D"
"A,D"
H
D
"B,C,F,G,I"
A
"A,J"
"B,D,F"
"A,B,G"
"A,C,D"
"A,C"
"B,I"
"A,C,D"
"E,F,H"
C
"B,D"
"A,B,C"
"C,G,H"
"B,D,F"
"B,E,F"
"B,C,D,G"
"C,D,E,F"
"C,E,F"
"A,B,D"
"B,F"
"A,I"
"A,B,F,H"
"B,C"
"B,C,E,F"
"B,E,F"
"A,B,F"
"A,B,I"
"C,J"
"B,C,E,F"
"B,C,H"
"B,D,E,F"
"A,I,J"
"A,C,H"
B
"A,C,D,J"
"A,B"
"D,F"
"A,J"
"B,I"
"A,B,D"
"B,D,I"
"C,D"
"C,G,H"
"B,C,D,F,I"
"B,C,E,F,I,J"
"A,H"
"B,D"
"A,C,D"
D
"A,B"
"B,E,F,H"
"B,C,J"
"H,J"
D
"A,D,G"
"A,B,F"
"C,D,J"
"A,D,H"
"B,G,I"
"E,F"
"A,D"
"A,B,C"
"A,D"
"B,D"
"A,C"
"A,C,E,F,G,J"
"A,C,D"
"B,C,D,E,G,H"
"B,D"
"B,F"
"C,I"
B
"B,C,G"
"A,B,C"
"E,F"
"A,B,H"
H
"A,C"
"A,B"
"A,B"
A
"E,F,J"
"B,D,I"
"A,B,C"
"A,E,G"
"E,F,H,J"
"B,D,I"
"A,B,F,H"
"C,E,F"
"E,F"
"A,F"
"A,B"
"A,D"
"A,B,D"
"A,G"
"A,D,G"
B
"B,D"
"C,D,E,F,G"
B
"A,C,D,H"
A
"B,D,G,H,I"
"A,C,D"
"A,D"
"B,C"
"B,D,E,F,H"
"A,C,G,H"
"B,C,G"
"B,E,F"
"A,C"
"B,F,J"
"A,D"
"D,E,F"
"C,G,H"
"A,C,H"
"A,J"
"A,B"
"E,F,G"
"A,B,C,D,F,H"
"B,F,H"
"B,D,E,I,J"
C
"A,B,C,D,E,F"
"B,C,I"
"A,D"
"D,E,F"
"A,B"
"D,E,F,J"
"A,G"
"A,B,C,F"
A
"B,D"
"C,G"
"E,F,J"
"A,B,C"
"A,D"
"A,G,H"
"A,B,G"
"C,G,H"
"A,B,G"
H
"B,C,G,J"
"A,C,D,G,H"
"A,B,D"
"B,C"
"C,D"
"A,I"
"A,C,J"
A
"C,G,H"
C
"B,D,F"
"B,C,D,G"
"A,G"
"A,D,H"
B
"A,B"
"B,G,I"
"A,B,J"
"A,D"
"C,F,G"
"B,D,E,F"
"B,C,H"
I
"C,J"
"B,J"
"A,B"
"B,C,D,E,F"
"A,B,C,D,I"
"B,D"
"A,B,C,D,H"
"A,B,C,D,G,H"
"B,D,G"
"A,B,C,G"
"A,B,F,J"
"A,C"
"B,D"
"B,D,G"
"C,G,H"
"A,B,H"
"C,E,F"
"A,G"
"B,C,D,I"
"A,D"
"C,G,H"
"A,D"
"B,C,D"
A
"C,D"
"A,B,J"
"B,C,D"
"B,D"
"A,B,D,I"
"A,C,D"
B
"A,F,G"
"A,G,J"
"B,H"
"C,D,E,F,I"
"B,I"
"B,C,E,G,H"
"A,F"
"B,C"
"A,B"
"B,I"
"A,D"
"C,F"
A
"A,B"
"B,C,D,H,J"
"B,D,E,G,J"
"A,B,D"
"A,C,H"
B
"B,D,E,F"
"B,C,D"
"B,J"
"F,I"
"A,G,I"
"C,G,H"
"A,B"
"B,E,F"
A
"A,D,G,I"
"B,I"
"B,J"
"B,D,G"
"A,B"
"B,C"
"A,B"
B
"C,G,H"
"A,D,G"
"A,B,D"
"B,C,G"
C
"D,E,F,J"
A
"C,G,H"
"B,C,J"
"C,E,F,H"
"B,D,J"
"B,D"
"A,C"
C
"A,B,D,G,I,J"
"A,H"
"A,D,F"
"A,C,J"
"B,C,D"
"A,B,F,H"
B
"A,D"
B
"A,B,C,D,F"
"B,D"
"B,J"
"C,G,H"
"A,J"
B
"B,I"
"B,D"
"A,B,C,D,F,H"
"A,D"
"B,E,F,G"
"A,D"
"B,D"
"C,G,H"
B
"A,D"
A
"E,F"
"A,B,H"
C
"A,C,F,I"
"E,F,H"
"D,H"
"C,E,F"
"B,C"
"A,D,J"
"B,D,I"
"C,D"
"B,C"
"A,B"
"A,C,G,H,I"
"A,B,J"
"B,H"
"A,B,F,G"
"B,D"
"A,C,D,H"
"A,I"
"B,F"
D
"C,J"
"A,B"
"D,G"
"A,D"
"A,B,D,G,J"
"B,C"
"D,E"
"C,D"
"B,C"
I
"A,D"
B
"A,B,J"
"B,C,D,H,J"
"B,G"
"A,C"
"A,D"
"A,C,G,H"
"B,E,F,J"
"A,B,J"
"B,E,F,J"
"B,D"
"A,B,C,D"
"A,B"
"D,F"
"A,B,F"
"B,C,D"
"B,E,F"
"C,G,H"
"B,C,D,G,H"
"C,F"
"C,G,H"
"A,C"
"B,C"
"D,F"
"A,B,C,D"
"C,D,I"
"B,C"
"C,G,H"
"A,C,D,G,H"
"A,C,D"
A
"C,I"
"A,D,F,I"
"B,C,D,F,I,J"
"A,C,J"
"A,B,D"
"C,D,F"
"B,D,E,F,I"
"C,G,H"
"B,E,F"
"A,B,D"
"B,D,I"
"B,D,I"
F
"A,F"
"B,C,D"
"A,C,H"
"A,B,C"
"B,D,H"
"A,C,H"
"C,G,H"
"A,C,D"
"E,F"
"A,B,C"
"A,C,D,F,I"
"A,B,J"
G
"B,D,I"
"C,D"
"A,G,I"
"A,C"
"A,B,C,D,G,J"
"A,F"
"B,D"
"A,B,D,E,J"
B
D
"B,C"
B
G
"B,C"
F
"A,D,E"
"A,F"
"A,B"
"B,C"
"B,D,E,G"
"C,J"
"D,G,J"
"A,C,D,E,F,H"
"B,E,F"
D
"B,C,D,F"
"A,J"
"B,F"
"A,B,I"
"I,J"
"B,D,I"
"B,C,H"
"B,C"
"B,D"
"B,E,F"
"A,B,H,I"
"B,D"
"A,B,J"
"A,B,D,F,G,H"
"B,F,J"
A
"B,C,E,G,J"
"B,I"
"A,B"
B
"B,J"
"B,D"
"B,D"
"C,G,H"
"A,B,D"
"D,H,J"
"A,B"
"A,B,C,D,J"
"A,D"
"C,D,F"
"D,F"
B
"D,F,J"
"A,B"
"A,B"
"A,C,D"
"A,B,D,I"
B
"B,D"
"A,D,F"
"C,G,H"
"B,D,E,I"
"B,D"
"C,E,F"
"A,J"
"A,B,C,D,H,J"
C
"B,D,G,J"
"A,B"
"D,J"
"A,B"
"A,J"
"A,B"
"E,F"
"B,C,D,E,F"
"A,E"
"B,D,J"
"A,B,C,D,G,I"
"C,H,J"
C
B
"A,B,D"
"A,D"
"B,E,F"
A
"B,J"
D
"A,G"
"B,D"
"A,G"
"A,B,J"
"A,B,I,J"
"B,D"
"A,D"
"B,H,J"
H
"A,B,C,D,I"
"B,D,E,F"
"E,F,G"
"B,C,G"
"A,J"
"A,D"
"B,E"
B
"B,F"
A
"A,B,C,D"
"A,B,C,H"
"A,C,D,I"
"C,G,H"
B
"A,G"
"C,G,H"
"B,D"
"A,B,F"
"A,D"
"A,J"
"A,C,G,H"
"C,G,J"
"B,D"
"A,C,J"
"C,G,H"
"D,F"
"B,C,D,I"
"A,F"
B
"C,E,F,I"
"A,F"
"C,G,H"
C
"D,F"
"G,J"
"B,D"
"A,B,C,J"
"A,I"
B
"B,E,F"
"A,C,D"
"B,C"
"A,C,E,I"
"A,B,C,D,G,J"
G
"B,C,D,E,F,I"
"A,B,C"
"B,F"
"A,B,C,H"
"A,B,C,D,E,I"
"C,D,F,G,H"
"A,B,C,I"
"A,H"
"A,E,F"
"A,C,I"
"A,C"
"C,D"
"A,C,D,F,I"
H
"F,G,H"
"A,C"
"B,E,F,G"
"A,C"
"C,G,H"
"E,F"
"A,D"
B
"C,D,H"
"A,B,C,J"
"B,C,D,E,J"
"A,B,C"
C
"C,G,H"
"A,I"
"E,F"
"C,J"
"B,D"
"B,D,F,G,J"
"E,F,G"
"A,D,E"
"A,B,C,D,J"
"A,D"
A
"B,D,I"
"C,H"
I
"C,D,I"
"A,G"
"A,B,F"
"C,G,H"
"B,E,F,I"
"B,D"
"B,C,J"
"D,E,F,I,J"
"B,D,E,F"
"C,E,F"
"A,G"
"E,F"
"A,I,J"
"E,F"
B
"C,G,H"
"B,C"
"A,C"
"B,D,E,F"
"D,G"
"A,C"
"A,J"
"A,B,C,D,G,J"
"C,G,H"
"A,B,G,H,J"
B
"B,E,F,H"
"C,F,J"
"A,C"
"C,G,H"
"A,I"
"B,C"
D
"B,C"
"C,G,H"
"E,F"
"A,B,C,D"
"A,B,C"
"B,C,D"
"A,G"
"B,D,I"
"A,H,J"
"B,D"
"A,B,C"
"B,F"
"B,C,E,F"
"B,J"
"A,D"
"G,H"
"D,E,F"
"C,J"
"C,I"
"E,F,H"
"A,F"
"A,H"
"A,B,C,D"
"A,D,G,J"
C
"A,I"
"G,I"
"E,F"
"B,C,G,I"
B
"A,B,D,J"
"B,J"
"A,D,G"
"B,H"
"B,D,G"
"B,C"
"A,D"
C
"B,D"
"B,D"
"A,C"
"A,C"
"B,C,D"
"B,G"
"B,C,I"
"B,C"
"A,C,J"
"B,C,D,F"
"A,B,C,E,F,G"
"A,D"
"B,H"
"C,G,H"
"A,B,D,F,H,I"
B
"A,B,D"
"B,C"
"B,C"
"B,C,E,F,G"
"A,B"
"B,D,E,F"
"A,C,J"
"A,C,D"
"A,B,C,D,H"
"A,D,G,H"
"B,I"
"A,F,J"
"B,F,I"
"D,G,J"
D
H
"A,B,E"
"A,B,D"
"B,D,E,F,H"
"A,B,C,E,F"
"A,D"
"C,G,H"
"B,E,F"
"A,B,C,D,I"
"D,F"
"C,G,H"
"C,D,H"
"B,C"
"A,B,C,E,H,J"
"A,B,C,D,J"
"A,G"
"B,C,F"
"A,D,J"
"A,H"
"C,F,J"
"B,C,D"
"A,C,H"
"B,D"
"C,G,H"
"B,D"
"A,B"
"C,G,H"
"A,D"
"A,I"
"B,C,E,F"
"C,G,H"
"A,C"
"A,B,C,D,I,J"
"B,D,H"
"A,B,D,E,F,G"
"C,D,F"
"B,C,D"
"A,C"
"A,B,C"
A
"B,D"
"A,B,C,E,G,H"
"B,C,E,F,H"
"B,D"
"A,J"
"A,B,D"
"A,B,C,D,E,I"
G
"B,C"
"A,C"
"A,G"
"B,D"
"A,B,F"
"D,E,F,H"
"A,B"
"E,F"
"C,I"
"A,F"
"C,G,H"
"A,C,H,I"
"A,F"
"F,G"
"A,C,D,F"
"E,F"
"B,C,D,J"
"A,H"
"B,J"
"C,H,I"
B
"D,G,J"
D
"A,B,C,D,E,H"
"B,C"
"D,G"
"A,D,J"
"B,I"
B
"B,F"
"C,D"
"A,D"
"C,G,H"
B
"A,B"
"D,E,F,G,H,J"
"E,F"
"A,D"
"D,J"
A
"C,G,H"
"D,E,F,I"
"B,D"
"B,F"
"B,D,E,F"
"A,D,J"
"B,H"
"A,F,H"
A
"C,D"
"A,C,I"
"D,E,F"
"B,C,H"
D
"G,J"
"A,D,G"
"C,G,H"
C
"A,C"
"A,H"
"C,G,H"
"A,I"
"B,C,D,F,I"
"A,B,C,D,F"
"C,E,F,J"
"A,D"
"A,B,C,D,E,G"
"A,H"
"A,G,I"
C
"F,J"
A
"E,F"
"A,B"
"A,C,D"
"A,H"
"B,D,E,F,I"
"A,D,G"
"A,B,C"
"A,B"
"A,B,D"
"A,B"
"A,B,C,H,I"
"B,D,E,F"
"A,C,F,I"
"C,G,H"
"D,F,I,J"
"D,I"
"A,C,H"
B
"A,G"
"B,J"
A
"F,G,J"
"B,C,J"
"A,D,G"
"B,F"
"B,I,J"
"E,F"
"B,D"
"A,C,D"
"A,B"
"A,B,C,D,I,J"
B
B
"B,C"
"C,G,H"
"B,C,G"
"A,B,F"
"B,E,F"
"A,B,J"
"A,D"
"C,G"
"B,C,D,I"
"A,B,H"
"A,C"
"A,D"
C
"B,D"
F
"G,I,J"
"C,G,H"
"B,D,F"
"E,F"
"A,C"
"A,C"
"A,D"
"A,C,F,G"
"B,C,E,G,H"
"B,D,E,F"
"A,C,G"
"C,D"
D
"B,H,I"
B
"A,B"
"E,F"
"A,B,E,F,G"
"A,B,I"
"A,C"
"A,F,I"
"A,C"
D
"C,D"
"C,E,F,G"
A
J
"D,G"
"B,I"
"B,C,D"
A
C
"A,D,H"
"A,B,C,D"
"A,C,H,J"
"A,B"
"A,B,D"
"A,C"
"B,D,E,F,H"
"A,D"
"B,G,I"
"B,H,I"
"B,G,H"
"B,D,I"
"F,J"
"A,B,J"
"A,B,C,D,I"
"A,D,I"
"A,B,C"
"B,I"
"B,D,J"
"A,B,I"
"C,D"
"A,D,I"
"C,E,F"
"B,C,E,F"
"C,G"
"B,C,F,H,I"
G
"C,G"
"A,B"
"A,C"
"A,B,D"
"B,C,F"
"C,D,G,J"
"A,B"
"B,C"
"C,D"
"C,G,H"
"D,H"
B
"A,B"
"B,I"
A
"A,H"
"B,D,E,F,H,I"
"E,F"
"A,C,D"
"B,C"
"A,B"
"A,B,C"
"B,D,J"
"C,G,H"
"A,B,H,I,J"
"A,B,C,D,H,J"
"B,E,F,I"
"B,D,G,I,J"
"A,J"
"A,B,C,D,I"
"B,C"
"A,G"
"B,D,E,F"
"A,B,C,D,G"
D
"A,B,D"
"B,E,F,G"
"A,D,J"
"A,B"
"C,G,H"
"B,C,D"
B
"B,J"
"A,C,D,G"
"A,B"
"B,C"
"B,H"
J
"A,B,J"
"B,D,F"
A
"A,B,J"
"C,G,H"
"A,C,D"
"A,B,C"
"A,C,D,F"
B
"B,C,I"
"A,C,I"
"C,G,H"
B
"A,H"
"A,C,G"
"B,C,D,E,F"
C
"A,E,I"
"A,C,D,F"
"A,B,I"
"B,J"
"A,B,D,F"
"B,C,D,E,F"
"A,B"
"B,C,D,G,I"
"B,C"
"A,B,D"
"B,D"
D
"A,B"
"E,F"
B
"A,G"
"A,D"
"A,D"
"A,B"
"B,G"
B
"A,B,G"
"B,C,H"
"B,C,G,H,I"
"A,B,C,D,G,J"
A
"A,B,J"
"B,E,F,H"
"A,B,H"
"A,B,D"
"B,C,H"
"A,C"
"B,D,H"
"C,G,H"
"A,C,D,H"
"C,G,H"
"D,E,F"
"A,J"
C
"B,F"
"B,D"
"D,F"
"C,F"
"D,G,J"
"A,C,D,I"
C
"A,C,D,I"
"B,C"
"B,C,E,F"
"B,E,F"
"B,E,F"
B
"A,B,C,F"
"B,G,J"
D
"A,B"
"B,C,I"
"B,E,F,H"
B
"C,D"
B
"C,I"
"D,F"
"E,F"
"A,B,C,D,I,J"
"C,G,H"
"A,J"
"C,D,J"
"B,C,D"
"C,E,F"
"A,B,C,I"
"A,B,C,D,F,H"
J
"B,G"
"A,B,G"
"A,B,D"
"A,B,C,D,H"
"A,D"
"A,F"
"A,B"
"C,E,F"
"B,D"
B
B
"A,D,I"
"B,D,E,F"
"B,C,E,F"
"A,D"
H
"A,I"
"A,D,I"
"A,H,I"
"B,D,F,H"
"A,C,D,F"
"B,C,D,E,F"
"B,C,D"
A
"B,G,I"
J
"D,G"
"B,E,F"
"A,B,C,D"
"A,C"
"B,C,D"
"A,D"
"A,G"
"C,H"
"B,D"
"A,C,D"
"B,D"
"A,G"
"A,F"
"B,C,E,F,G"
"B,D,H,J"
"A,H"
"B,D,F"
"D,E,F"
"A,D,F,I"
C
"B,G"
"D,F"
"A,B"
"E,F"
"A,B,D"
"E,F,I,J"
"D,G"
"B,D"
"A,G,H"
"B,C"
"A,C"
A
"B,C"
"B,C,G,H"
"A,C"
"B,C,D"
"B,H"
"B,F,I"
"A,D"
"C,G,H"
"B,I"
"B,C,D,E,F"
"B,C,I"
"A,C"
"D,F,G"
"B,G"
"B,D,H"
"D,E,F,G"
"A,B,C,D,I,J"
"A,B,C,F,H"
"B,C,D"
"D,G"
"B,D,H"
"B,G"
B
"F,I"
"C,D,E,F"
"F,G"
"C,D"
"B,D,I"
B
"B,D"
"A,B,I"
"A,C"
"B,F,G"
"B,D"
"C,H"
"B,C"
"A,B,C,D,E,F"
"A,B,C,D"
"A,B,C,D,G,H"
J
"A,B,C,I"
"B,F,G"
"A,B,C,G,I"
"A,B,H"
"E,F,I"
"B,E,F,H"
"A,C"
I
"B,C,E,F"
"A,B,C,G,H"
"B,C,I"
"E,F,G"
F
"A,C"
A
"A,B"
"B,E,F,G"
"A,D,I"
"D,F,J"
"A,B,C,D,E,H"
"B,D"
"B,H"
"A,C"
"C,G,H"
"B,C,D,H"
"B,E,I"
"B,E"
"A,F"
"A,I"
"B,D,G"
"B,D"
E
"B,C,E,F,H"
"A,B"
"B,D,I"
"C,G,H"
"B,C,D,H"
"C,G,H"
"A,C,D"
"C,E,F"
"B,D"
"A,H"
"A,B,G,H"
D
"A,B,C"
"A,D,H"
"A,D"
"A,D"
"A,B,C,D,I"
J
H
"E,F"
J
"A,B,D,G"
"E,F,G"
"B,C"
"C,D,E,F,I"
B
"B,E,F"
"B,C"
"D,G,I"
"A,B,I"
"B,H"
"B,J"
"A,B"
"B,C,E,F"
"A,B,C"
"A,C,D,H"
"A,B,D,F"
B
"B,C"
"B,C"
"B,C,I,J"
"B,D"
"D,E,F"
"A,D"
"E,F,I"
"A,B,C,G,J"
"B,G,I"
"B,C,E,F"
"B,C"
"B,C,D,H"
"B,C,D,H,I"
"A,B,D"
"A,H"
"B,D"
A
"A,C"
"A,J"
"B,G"
"C,J"
A
"A,B,C,I"
"E,F"
"A,C"
"B,I"
"A,B,D"
"D,I"
"A,F"
"B,E,F,I"
"C,D,G"
B
"B,C"
"B,C,D"
"B,C"
"B,D,G"
"B,C,G"
F
"A,C,G"
"B,H"
"B,D"
"A,D,G"
"B,C,D,E,J"
"A,C"
"B,E,F"
"A,C"
"A,G,I"
"B,F"
"D,F,J"
"B,C"
"C,G,H"
"B,C,D,G,H"
B
"A,J"
B
"B,C"
"F,G"
"C,D,F"
"B,C"
"A,C"
"A,B"
"A,B"
"B,D"
"A,C"
"A,C"
"A,C"
"A,B,C"
"A,C,D"
"A,B,D"
"C,D,J"
"C,D,E,F,I"
"B,F,J"
"B,F,J"
"B,C,E,F"
"A,C,D"
"A,B,G"
"B,C,E,F"
"A,B,I"
"A,G"
"A,B,H"
"A,C"
"A,B"
"B,D,F,I,J"
"A,B,C"
"B,J"
B
B
"A,B,C,D,I"
"A,H,I"
"A,B,C,D,I,J"
"A,C"
"B,H"
"B,C"
C
"B,E,F"
"C,G,H"
"A,C,F"
"B,C"
"B,D,E,F"
"B,D"
G
"C,G,H"
"B,C"
"B,D,G,J"
"B,H"
"A,B,D,E,F,J"
"A,C,I"
"A,J"
"H,I"
"B,C,F,J"
"B,I"
"B,C,H"
"A,C,H"
"B,D"
"B,E,F"
"A,B"
"B,D"
"B,F,G,I,J"
"B,C,D"
"B,D"
I
"A,B"
"A,B"
"E,F,H"
"A,J"
"D,E,F"
"C,D"
"D,E,F"
"A,B,C,D"
"E,F"
"A,B,C,D,E,I"
"B,E,F,H"
"B,C,G"
"B,D,H"
"B,C"
"A,F"
"A,C,D,F"
"B,D,H"
"B,D"
"B,D"
"C,G,H"
"A,C,D,H,J"
"B,D,J"
"B,E,F"
"A,C"
D
F
H
"A,B,J"
"B,C,D,I"
"B,D"
"F,H"
"E,H"
"B,C"
"A,I"
"D,J"
B
"B,F,G"
"B,C,H,I"
"B,C"
"A,B,C,D"
"B,C"
"E,F"
"B,D,J"
"B,I"
B
"D,G"
B
"A,B"
"B,C"
"D,F"
"B,C,D,E,F"
A
"A,B,F,G"
G
"A,G,H"
"A,J"
"A,B,C,D,H"
A
"A,B,C,D"
"A,C"
"B,H"
"B,C,J"
"D,E,J"
"B,C,E,F"
"A,C"
"A,J"
"A,C"
"B,G"
A
"A,B,C,D,I,J"
"A,B,C,J"
"C,H"
"B,D"
"B,E,F"
"B,D,I"
"A,C,G"
"A,F,I"
"A,C"
"A,C"
"A,C,H"
"B,H"
"D,E,F"
"A,B,C,D,I,J"
"B,F,I"
"C,H"
"A,F,J"
"C,F"
"E,F"
"A,B,C"
"A,C"
"C,G,H"
"A,D"
"A,B,D"
B
"A,B,C"
"B,D"
"B,D,E,F"
"A,J"
"A,D"
"A,H"
"A,C,J"
"C,G"
"A,H"
"D,F"
A
"A,C,D,H,I"
"B,D,E,F"
"A,B,J"
"D,J"
"A,J"
"A,D,G"
"C,G,H"
"D,G"
"A,F"
"C,E,F,I"
"B,C,D,F,H"
"C,D,J"
"B,G"
"D,E,F,H"
"B,C"
"B,C,D"
"B,I"
C
"A,B,H,J"
"A,B"
"A,C,F"
"A,B,D,E,F"
"A,D,J"
"A,F"
"B,E,F,G"
"G,I"
D
"C,D,E,F,G"
"C,E,F"
A
"B,F"
A
"B,D"
"A,D"
"B,I"
"B,D,G,H,I"
"B,C"
"B,D"
"B,D"
"A,B,C"
"A,B,C"
C
"B,D"
"C,G,H"
"A,C"
"B,E,F,H"
"B,D"
"B,H"
"B,D"
"A,B,J"
"E,F"
"A,B"
"A,B,C,D,E,H"
"E,F,H,J"
"A,D,I"
"C,G,H"
"B,C"
"A,H"
"B,I"
"B,C,D,E,F,G"
"A,I"
"A,I"
"D,E,F,G,J"
"A,B,D"
"A,C"
"C,D,F,G,H"
"A,D,E,G,H"
"C,D,J"
A
A
"B,C"
"B,C,E,F"
"B,D,G,I"
"A,B,D"
C
"A,C"
"B,G"
"A,D,H"
"B,C,D,E,H"
"B,E,F"
"C,G,H"
"B,E,F,H"
B
"A,B,C,F"
"A,B,C"
"E,F,J"
"C,F,I"
"B,G"
"E,F"
"A,B"
"C,G,H"
"C,F"
"B,D,F,G"
"A,B,C,D,I,J"
"A,B,C,D,H,J"
"B,F"
"D,E,F,J"
"C,G,H"
"A,B,C,D,J"
"C,E,F"
J
"A,B,D,I"
"A,B,D"
"A,B,H"
"A,C,J"
B
"A,B,I"
"A,B,C"
"A,B,G"
"A,C,F"
"B,C,F"
"B,C"
"A,B"
"A,D"
"A,B,C,D"
"C,I"
"B,G,J"
"C,G,H"
"B,G,J"
"D,E,F"
"C,G,H"
"A,B,D,F,G"
"C,G,H"
"B,C"
"A,C"
"A,B,F,H"
"A,D"
D
"A,B,C,E,F,G"
"B,C"
"A,B,D"
"C,G,H"
"B,D"
"A,H"
"A,B,H"
A
"E,F,H"
"A,C,G"
"A,D,J"
"A,B,D,E,F"
"C,E,F"
C
"B,C,D,J"
"A,I"
"B,C,D,I"
"B,G"
"A,B,C,D,F,J"
"A,F,I"
"A,F,I"
"A,B,C"
"A,C"
"A,F,G"
"A,C"
"B,C"
"B,D,E,F,H"
"A,B,G"
"E,F,I"
"A,D"
"E,F,I"
"A,B"
"A,C,H"
"C,J"
"B,E,F,G"
A
B
"C,G,H"
B
"C,G,H"
"B,C,D"
C
"A,D"
"B,C,D"
B
"B,E,F"
"A,D"
I
"A,D"
"A,B,C"
"A,D"
"C,D,J"
"A,J"
"B,H"
"B,D"
"B,C,H"
"C,D"
"B,D"
"A,B,C"
"A,C,G,J"
"B,C,E,F,G"
"A,B"
"C,G,H"
"A,E,F"
"A,B,C,D,E,I"
"A,C,D,G,J"
"B,D,E,F"
"A,I"
"A,B,D,E,G,J"
"B,D,I"
"A,F"
"A,B,D,I"
B
"A,B"
"A,F"
"B,D,I"
"A,B,D,J"
"C,E,F"
I
"A,C,E,F"
"A,J"
"B,C,D,E,F"
"A,B,J"
"E,F,I"
A
"A,D"
B
"B,C,H,J"
"C,H"
"H,J"
"A,I"
B
"A,B,J"
D
"A,B,H"
"B,C,D"
"G,J"
"A,C,D,G"
"A,D,H"
"F,G"
"A,F,J"
C
"A,B"
"B,G"
"B,D"
"F,G"
"A,B,D"
"B,C"
"B,D"
"C,E,F,H"
"B,C,D,E,G"
"C,I"
"A,B,C"
"C,G,H"
"C,G,H"
"E,F"
"A,C"
"A,C,D,H"
"B,D"
B
"A,B,C,E,G,J"
B
"A,B,D,F"
E
"A,B,G"
G
"B,J"
"B,C,D"
"C,H"
"A,B,C,E,F,I"
"B,F,H"
"D,F"
"C,J"
"A,F"
"C,G,H"
"A,F"
"A,B,C,D,I"
"A,G,J"
"A,B,C"
C
"A,C,G,H"
"C,E,F"
B
"B,D"
"B,C"
"B,C,D,G,H,J"
"C,D"
"A,J"
"E,F"
"B,G,J"
"A,B,D"
"A,C,D"
"A,B,D,F,H"
"D,E,F"
"A,C,H"
"A,B,C,D,F,G"
"C,E,F"
"C,D"
"A,D"
"A,C"
A
"B,D"
"D,I"
"A,C,E,G,H,I"
"A,C,D,G,I"
"A,B,C,I"
"A,D"
"B,C"
"A,J"
"A,B,D,I"
"A,B,I"
"E,F"
F
"E,J"
"B,I,J"
"B,D,E,F"
"A,B,D"
"B,C"
"A,B"
"A,C,D"
"A,B,F"
B
"A,B,F"
"B,G"
"B,G"
F
"C,E,F,G"
A
"A,B,J"
"B,C"
"B,C,D"
"B,C,D,E,F,J"
"D,I"
"C,I"
A
"C,E,F"
"B,C"
"A,H"
B
"B,C,D"
J
"B,D"
"A,H"
"C,I"
B
"B,C,E"
"B,D"
"B,G"
"A,B,C,D,G"
"A,B"
"D,J"
A
"B,G"
"A,D"
H
"I,J"
"A,B,I"
"F,H"
"A,C,D"
"B,C"
"B,C,I"
"B,C,D,E,G,I"
"C,D"
"A,B,C,D,I"
"B,J"
"A,B,G,J"
"A,J"
"D,E,F"
"B,I"
"B,C,H"
"B,C,E,F"
"B,E,F"
"C,G,H"
"B,C,D,I,J"
"A,B,C,D"
"C,D,G"
"C,H,J"
"B,C,E,G,J"
"B,C,E,F"
A
D
B
"B,J"
"B,D"
"A,B,D"
"A,B,C"
A
"A,G"
"A,B,D"
"A,C,H"
"A,B,C"
"B,C,F"
"B,G"
"A,B,F"
"A,B,D"
A
"D,J"
"E,F"
"C,G,H"
"A,D,G"
"A,B"
"B,D"
"B,C"
"B,C"
"B,J"
"A,C,D"
"A,B,C,D,G,H"
"A,C"
B
"A,C,D"
"B,C,D,F,G"
"C,G,H"
"D,H"
"A,C"
"A,G,H"
"A,B,C,D"
"A,C,F"
"A,B"
"A,B,J"
"B,C,H"
"A,B,D"
"C,D"
"C,G,H"
"A,B,I"
"B,G"
"B,G"
"A,B"
A
A
"A,F"
"B,C,E,F"
D
"A,E,I"
"C,G,H"
"D,G"
"A,B,D,F"
"B,D"
"B,D,E,F,G"
"A,I"
"A,B,J"
"B,C,D,F"
"C,G,H"
"A,I"
"B,H"
"A,B"
"B,D"
"B,D,E,F"
B
G
"A,F"
"B,D"
A
"A,C,F,J"
"B,F,G,I"
"C,D,E,F,H"
"B,C,E,H,J"
"A,B,C"
"A,C,D"
"A,B,G"
"C,G,H"
"A,D"
"C,G,H"
"B,J"
"C,G,H"
"C,G,H"
"B,D,G,H,I"
"B,C,I"
"B,C"
B
D
"A,B"
"B,D"
"B,J"
"B,C"
"C,D,H"
"B,D"
"C,G,H"
"A,B,J"
"B,E,F,H"
"A,B,C"
"A,D"
G
A
"A,B,G"
"A,B,D"
"A,B,D"
"B,C,D,E,I"
"A,D"
"B,C,D"
"A,G"
"A,D"
"D,F,G"
"D,E,F"
"A,B,H"
"C,G,H"
"B,I"
"A,C"
"A,C"
"A,C"
"A,H"
"C,F"
"A,B"
"C,G,H"
"E,F,I"
"A,B,D,E,G,I"
"A,B"
"B,F"
"B,E,F"
"B,D,E,F,G,H"
"B,H"
"A,C,F,G,I"
"A,C,I"
"E,F,I"
"A,B"
"D,I"
"B,D,I"
"C,D,I"
"A,C"
"A,B,C"
"B,E,F,J"
"A,J"
B
"B,C,G"
B
"B,C,E,F,H"
"B,D,G,J"
"C,I"
"B,G,J"
D
"A,C"
"A,B"
"A,C"
"B,C,E"
"A,B"
"A,D"
"D,E,F,J"
"A,B"
"A,D,H,I"
A
"B,D"
"A,B,H"
"A,B,C"
"B,D"
"B,F"
"A,B,D"
"A,C,H"
"A,C,H"
A
"A,B,D,J"
"A,B,C,I"
"B,I"
A
"A,B,C,F,J"
"A,B,C,E,G,I"
"B,C"
"A,B,C,D,H"
"C,G,H"
D
"B,G"
"A,B"
"B,G"
"F,H"
C
"A,B,C,D,F,G"
"A,B,E,H"
"B,D,F"
"E,F,I"
"B,D"
"C,G,H"
"A,B"
"B,C,E,F,J"
"C,G,H"
D
"E,F"
"A,D,J"
"A,D,G,H"
"D,E,F"
"B,E,F"
"B,F"
"C,D"
"C,G,H"
"B,C,D"
"A,F"
"B,I"
"B,C,H"
"A,C,I"
B
"A,B,G"
"C,F"
"A,C"
D
"E,F"
"A,J"
"A,B,C,F,H,J"
"A,F"
G
"A,D,E,F"
"C,F"
A
"D,E,F,H"
"C,D,E,F"
"A,C"
"C,F"
"B,C,D,I"
"A,B,C,D,F"
"A,B,C,D,G,H"
"C,G,H"
"B,I"
"A,C"
A
"C,G,I"
"B,D,J"
"A,C"
"B,H"
"B,G"
"A,D,E,F,H,I"
"A,B,D"
"B,D,G"
"C,G,H"
"E,F,I"
"E,F,H"
A
"A,C,G"
"A,C"
"C,G,H"
"C,D,H"
"B,I"
"F,J"
"D,E,F"
"A,F"
A
"B,C"
"A,B,C,H"
"A,D,F,J"
"B,C,D,G,J"
"A,I"
"B,H,I"
"B,J"
"A,C,F,J"
"B,D"
B
"B,D"
"B,E,F,H"
"B,G"
"B,C,F"
"A,E,H"
"C,G,H"
"A,C,E,I"
"A,B"
E
H
"A,D"
"B,D,H"
"C,G,H"
"F,G"
"C,F"
"A,B,D,J"
"C,G,H"
B
"C,D,G"
"C,E,F"
"A,D"
"B,C"
"A,B,D"
"A,B,F"
"A,D"
"C,E,F"
"C,J"
"A,D"
"B,C,I"
"A,C"
"B,D,E,F"
"B,J"
"A,B,G,H"
"A,G"
"B,C,D"
"A,D,I"
"G,H"
"B,D"
"B,C,G"
C
"A,B"
"A,B,G"
"B,D"
J
"A,B,C"
"A,D,F"
"B,D,G,I"
"B,E,F"
"A,G"
"A,D"
"A,B"
"A,B,D,E,H,J"
"B,D"
"A,B"
C
"B,H"
"B,C"
"A,C,D"
"F,J"
"B,J"
"A,B,C,G"
"A,D"
"A,B,D,H"
"A,D"
"A,B"
"B,C"
"B,C,G,H,I"
B
"A,H"
B
"A,B,C,D,E,J"
"C,G,H"
"E,F"
"B,C,D,G,J"
"B,D"
"B,E,F"
"B,C,D"
C
"B,C,D"
"A,J"
"A,B,F"
A
"E,F"
"B,C,D"
D
D
"C,D"
"B,D,H"
"A,G"
"A,H"
"A,G"
"B,E,F"
"E,F"
"A,C,D"
"A,C,D,F,J"
A
"A,C,E,F"
"C,I"
"B,C"
"B,E"
"B,D,G"
D
"A,B,C,E,F"
"D,G"
"A,G,I"
"A,D"
"B,J"
"A,B,D,I"
"A,C"
"A,B,C,D,G,H"
"B,D,H,J"
"C,I,J"
"B,D"
"A,J"
"C,D,G"
G
A
"A,D"
"B,C,D,H,J"
"A,C,J"
"A,B,C,D,J"
"C,J"
"B,E,F,J"
"A,B"
"A,G"
"A,J"
"A,C,H"
"B,D"
"A,B,D,I"
"B,C,F,J"
"B,F,G"
"C,G,H"
"B,C,F"
C
B
"B,D,E,F"
"B,C"
A
"A,B,C"
"C,J"
"B,C"
"B,G"
"B,E,F,I"
"B,F"
"B,E,F,J"
"A,D,G"
D
"B,C,J"
"A,B,C,D,G,J"
"A,B,D"
"A,B,D,I"
"B,D"
"B,C"
"A,C,I"
"B,C"
"B,J"
"B,C,J"
"C,E,F,I"
"C,G"
"D,J"
"A,D,G"
"B,I"
"A,C"
"A,C,D"
"B,C"
B
"A,C,D,F"
"B,J"
"B,C,J"
"B,I"
"B,H"
"D,G"
"B,D,I"
"B,G"
"A,J"
"B,C"
"B,I"
"A,B,D,F,H"
A
"C,G,H"
"B,C,D,E,G,I"
"B,C,D"
"B,E,F"
"A,C,G"
B
"A,D,I"
"C,G,H"
"A,C"
"C,D,J"
"A,C"
"B,C"
H
"B,C,F"
"A,H"
"A,C"
"A,B"
"B,J"
"B,J"
"C,D,G"
"A,C,H"
"A,C"
"A,D,I"
A
"A,C,G"
A
"C,G,H"
"A,B,G,J"
B
I
"C,G,H"
"A,B,D"
"C,E,F"
"B,C,E,F,H,J"
"A,B"
"A,B,C"
"B,C"
"B,I"
D
"A,G"
"B,C"
"B,H"
"B,G"
"B,C,D,E,F"
"B,G"
"B,C,E,F"
"A,B,D"
"B,C,D,J"
"B,C"
"B,D"
C
B
"C,G,H"
"A,B,C,D,G,H"
H
D
"F,J"
"A,D"
"A,B,C,D,G"
"B,I,J"
"B,J"
"A,B,D,E,G,I"
"C,G,H"
"B,C"
"B,C,D,F,I"
"B,C,J"
"A,F"
"A,B,C,D"
"B,D,E,F"
"B,D,E,F"
"E,F"
"B,C"
A
"C,G,H"
"C,G,H"
"A,C,G"
"A,B,C"
"F,H"
"A,C"
"C,G,H"
"A,C"
"A,D,F,G"
B
"A,D"
"A,B,C,D"
"A,B"
"C,G,H"
A
"A,C,D"
"A,D"
"C,G,H"
A
"C,D"
"C,D"
"D,H"
"E,F,H,J"
"B,F"
"A,B,D,F,H,J"
"C,G,H"
"B,C,I"
"B,C,F"
"D,E,F,G"
"C,D"
"A,B"
"B,D"
"B,C,D"
B
"C,D,G"
A
"B,C"
"A,B,D,E,F"
"C,D"
"A,C,D,F,H,I"
"A,B,D"
C
"B,C,I"
"A,D"
"C,G,H"
"A,B,G"
"A,B,D,H"
"B,H"
"A,B,C,D,F,G"
"B,C,H"
"B,E,F,G"
"A,G,I"
"E,F"
"A,B,C,D,H,I"
"B,F"
"B,D,F"
"B,D"
"B,E,F"
"C,G,H"
"A,B"
"A,B,D,E"
"E,F"
"A,E"
"B,C,F,J"
"A,H"
"C,G,H"
"A,I"
"B,C,H"
A
"B,C,E,F"
"B,C"
"D,E,F"
"A,G"
"A,D"
"B,C,E,F"
"B,C,D,J"
"A,F,H"
J
"B,G"
"A,B"
B
A
"C,G,H"
"C,D"
"C,G,H"
"A,D,G,I"
"B,C,E,F"
"B,F,I"
G
"B,E,F"
"A,J"
"A,B,F,H"
"A,F"
"A,C"
C
"B,C"
"A,C"
"C,F,J"
"A,B,H"
"A,D,I"
"C,G,H"
"A,C"
A
"C,H"
"A,B,G,I"
"A,D"
"A,C,F"
"A,I"
"A,B"
A
"A,G,I"
"A,G"
"C,G,H"
"B,D,E,F,J"
"B,C,E,F"
"B,D"
"C,G,H"
"C,J"
"B,I"
"A,H"
"C,D,H"
"B,E,F"
"C,J"
"B,D,E,F,G,J"
"A,B,J"
"B,D,G,J"
B
D
B
"D,I"
"D,E,F,J"
"E,F"
"B,F"
"C,G,H"
"B,D"
"B,E,F,J"
"D,F,G,J"
"A,C"
"A,B,D,F,I"
A
"A,G"
B
"C,F,G"
"C,D,E,F"
"A,D,F,I"
"C,H"
"A,B,D,H,I"
"A,B,D"
"A,G"
"A,F,G"
"B,C"
"A,B"
"F,G"
"D,F"
"A,C,I"
"A,D,H"
"C,G,H"
"A,H"
"B,E,F,G"
"A,J"
D
"A,H"
"B,H"
"B,E,F"
H
"C,D,I"
"B,D"
"A,B"
"A,B,C,D,G"
"B,C,I"
"A,B,D,I"
"E,F"
"A,C,J"
"A,H"
"B,C,D"
"B,D,G"
"A,B,C,D,E,H"
"A,C"
"C,G,H"
"B,F"
"B,D"
C
"B,C"
"A,D"
B
"A,C,F"
"A,I"
"E,F"
"B,D,H"
B
"B,D,E,F,I"
"A,B,F"
"A,B,D"
"B,E,F,G"
"B,F,G"
"G,H"
"I,J"
"B,H"
B
"C,D"
"B,D"
"A,C,D,G"
"B,E,F"
"C,G"
"C,F"
"A,D,G"
"A,B,C,D,I"
F
"C,G,H"
"A,B,C,D,E,H"
"B,E,F"
B
"D,E,F"
"A,B,C"
"F,H"
G
"C,G,H"
"B,C,D"
"B,D"
"A,C,D"
"B,D,E,F"
J
"B,J"
"A,D,G,J"
"A,C,H"
"A,H"
"A,C"
"B,C,F,G"
"B,D,I"
"C,G,H"
"B,D"
"B,J"
"A,B,C,G,I"
"B,D,I"
"B,H"
"A,G"
"A,C,E,F,I"
"B,C,F"
"E,F"
"C,G,H"
"A,B,C,G,H,J"
"A,B,D"
"B,D"
"B,C"
"A,C,D,G,H"
"C,E,F,H"
"A,B,D"
"A,E,F,J"
"A,B"
"B,C,D,H"
"B,D,H"
"C,G,H"
"E,F,J"
"A,B,C,D,H,J"
"A,H,J"
"A,C,D,H"
"B,D"
"A,B"
"C,E,F"
"A,C,I"
J
"A,C"
"C,G,H"
"E,F,I"
"A,B"
"A,C"
"B,D"
"D,E,F"
F
"A,C"
"D,E,F"
"B,E,F"
"B,G"
"B,E,F,I,J"
"C,G,H"
"A,B"
"A,C"
A
"B,D,E,F,G"
"A,B,C,D,I"
"E,F,I"
"C,G"
"C,G,H"
"B,J"
"B,F"
B
"B,C"
"A,C"
"A,B,D"
"A,B,F,G"
"A,E,F"
"B,E"
"A,B,C"
"A,C,J"
"H,I"
"C,D"
"A,C"
"A,I"
"C,D"
"A,C,D"
"C,D"
"A,B,H"
"A,H"
"C,G,H"
"B,C,E,F"
"B,D,I"
"B,C,D"
"B,C,D"
"A,B"
B
"A,B,D,F,J"
"C,G,H"
"A,F,G"
"B,E,F"
"B,C,E,F"
"C,G,H"
"B,F,I"
"C,G,H"
"A,B,D,F,J"
"D,I"
"D,F"
"B,D,E,I,J"
"A,D"
"B,D"
"C,E,F,J"
"D,J"
"B,D"
"C,D,J"
"B,C"
"E,F,J"
"B,D,I"
"D,E,F"
"B,F"
"C,F"
"B,C"
"B,D"
"A,J"
"C,E,F"
"B,D,E,F,J"
"B,C"
"C,G,H"
"A,C,D"
"B,D,G,J"
"A,B"
"B,C,E,F"
"B,C,D,H,J"
"C,D,E,F"
"A,B,G,H"
A
"A,B"
"B,C,H"
"B,D,E,F,I"
B
"A,B,G"
"B,E,F"
"B,D"
"C,D"
C
"B,I"
"A,B,D,H,I"
"A,B"
B
"B,C"
"B,H,I"
"A,I"
"B,I"
"A,B,C"
A
"A,I"
A
"B,D"
"B,I"
"B,C,D"
"C,E,F"
"A,D"
"B,D"
"B,C,I"
"B,C,D,I"
"A,B"
"B,D"
"D,E,F"
"A,C,D"
"B,D,E,F,G"
J
"A,B"
"D,I"
"A,C,D,F,G"
"A,D"
"F,G"
"B,C,F,I,J"
"A,G,H"
"C,H"
"A,C"
"A,C"
"B,J"
"A,B"
"B,C"
"B,D,G"
"B,D"
"A,B,C,D,F,H"
"A,B,C"
"A,C,D"
"A,B"
"D,F"
"B,C"
"A,B"
"B,D"
A
"A,D,J"
"A,H,I"
"C,G,H"
"D,J"
"A,D,H"
"A,D"
"C,E,F"
"A,B,H,J"
"B,D"
"A,B,C,D"
"B,J"
"D,H,J"
"A,B"
"C,G,H"
"B,C,G"
"B,C"
"C,G,H"
"B,C"
"B,G"
"A,D,F,I"
"A,I"
"A,D,F"
"D,F"
"A,D,G"
"C,G,H"
"A,G"
"B,C,E,F"
"B,F"
"A,C"
"B,I,J"
"D,E,F"
"A,D"
"B,D"
"A,D"
"C,G,H"
"C,E"
"B,C,I"
"B,E,F"
"A,J"
"B,D,I"
"A,B,H"
"A,C"
"A,B,F"
"A,D,H,I"
"C,G,H"
B
"E,F"
"A,B"
"G,H"
"B,D,G"
"A,F"
"A,C"
"B,G,J"
"B,H"
"B,H"
C
"B,C,F"
C
"B,C"
"A,B,C,D"
"A,C,D"
"A,C,I"
"C,E,F"
"A,B,D,E,H,I"
"A,B,C,D"
"A,B"
"A,D"
"C,D"
"C,I"
"B,F,G,H"
"B,D,H"
"B,D"
"B,E"
"A,B,C,D,I,J"
"B,C,I"
"A,H"
"C,G"
"E,F"
C
"A,D,E,F"
"C,G,H"
"A,B,D"
"B,F"
"B,E,F"
"C,D,E,F"
"B,C,G"
"E,F"
"A,C"
"C,G,H"
"B,E,F"
"A,C,J"
"B,D,H"
"D,G"
"A,H"
"A,J"
"A,G"
"A,B,D"
"A,B,E,F,I"
"C,D"
"B,D"
"D,F,H"
"B,D,J"
"B,H"
"A,D,F,G,H"
"A,B,C,F,I"
"B,D"
"A,D"
"A,C,D"
"B,D,E,F"
"A,B"
"B,C"
"A,D,I"
F
"A,B,C"
"A,D"
"B,J"
"B,I"
B
"A,D"
"E,F"
"B,G"
"B,C"
"A,C,D"
"E,F"
"B,D"
"A,D,G,H"
"A,B,D,I"
"C,G,H"
"D,E,F,H"
"B,I"
"B,C,D,F,G"
"C,F,G"
"C,J"
"B,G,H"
"A,F"
"C,E,F"
"A,B,I"
"D,E,F"
"B,C,D,J"
"C,G,H"
A
"A,F"
"A,B,D,E,G,I"
C
"B,C,D"
"A,B,C,D,I,J"
B
"A,C"
"C,G,H"
"A,D,J"
B
"B,D,F,J"
"B,C,G"
"C,I"
C
"A,B,J"
B
"A,B,C"
"C,G,H"
"D,H"
"B,C,H"
D
"E,F"
"B,D"
B
"A,B,F"
"B,D"
D
"B,C,I"
C
"D,F,J"
"A,B,D,I"
"A,C,H,I"
"E,F"
"B,C,D,E,F"
J
"B,D"
"A,I"
B
"B,C"
"B,D"
"A,C"
"D,I"
"A,C,J"
"A,G"
"B,C,D"
"C,E,F"
"B,D,E,F,H"
"E,F"
"A,B"
"B,C,D"
C
"A,C,G"
"B,D"
D
"C,G,H"
"B,D"
"D,G,J"
"B,D,F"
B
"B,C,F"
"D,J"
"B,C,H"
"B,C,F"
"B,D"
"B,D"
"A,F"
"A,B,H,J"
"A,B,C,D,G"
"A,C,H"
C
"A,C"
"A,B"
B
"B,E,F"
"A,I"
"B,C"
"A,D"
"B,C,D,H"
"G,I"
"A,B,C"
"A,B,F"
"C,I"
"A,B,D,E,F,I"
"B,C,F"
D
"A,B,C,D,I,J"
"B,I"
"B,E,F"
"B,C,E,F,I"
"C,I"
"A,I"
"B,J"
"F,H"
"A,B,C"
"A,B,C"
"D,F"
"A,B,C,I"
"C,G,H"
"B,H,I"
"C,D,J"
"A,C,D,H"
"A,B,C,D,H,J"
"B,C,H"
"B,E,F,I"
"B,C,D"
C
"A,B,C,D,F"
"A,C,G"
"A,B"
"B,E,F"
"A,B,C,H,I,J"
"A,C,G"
"B,D,F"
"B,C,H,I,J"
"C,G,H"
"C,D,G,H"
"C,G"
J
I
"B,C,D,E,G,I"
"A,D,E,F,J"
"E,F,I"
"E,F,J"
"A,B,H"
"A,C,J"
"A,B,H"
A
"C,E,F"
"C,E,F,I"
"A,C"
"E,F"
"C,G,H"
"A,B,C,G,H"
"C,G,H"
"C,D"
B
"B,H"
"A,F"
"B,C"
"F,I"
"B,D,F"
"A,G"
"A,B"
A
"A,B,D"
"B,G"
D
"B,C,D"
"A,B,G"
"A,B"
"B,G"
"A,G"
H
C
"A,B,H"
"B,C,D,E,F"
"A,D"
"A,D"
"A,B"
"B,D"
"B,C"
"A,D"
"B,C,E,F"
B
"C,H"
"C,G,H"
"A,B,D"
"C,G,H"
"C,D,F"
"B,H"
"C,G,H"
"C,G,H"
C
"B,F"
"A,I"
"A,C,G"
"B,C,D,J"
"A,C,D,F"
B
"B,E,F"
"B,C,E,F"
"A,B"
"B,D"
"A,B,C,G"
"A,B,F"
"C,G,H"
"C,G,H"
B
"A,C"
"A,B,H"
"A,I"
"A,F"
A
"A,D"
"B,J"
"A,B,C,D,H"
"C,G,H"
"C,D"
"A,G,H,I"
"A,C,D,G,J"
"A,C,D"
"B,H"
"C,G,H"
"B,I"
"B,C,D"
"A,C"
"B,D,I"
"A,B,J"
"A,I"
"B,C,D"
"A,B"
"B,D,F,G,H"
"B,C,E,F,G"
"C,H,I"
"A,B,D,F"
"A,I"
"A,B,C,G,J"
A
"A,B,C,G,I,J"
"B,H"
"A,H"
"B,E,F"
D
"A,B,C,F"
"B,C"
"A,C,I"
B
B
"B,D"
"B,C,D"
"A,B,C,D,F,I"
"A,C"
"A,C,D"
"B,D"
"C,G,H"
"A,B,C,D,J"
"B,I"
A
"E,F"
"A,F,G"
A
"B,D,J"
"F,G"
"A,B,C"
"A,C,D,G,J"
"A,D"
"A,B,H"
"A,B,D"
"B,F"
F
"A,C,F"
"A,B,C,D,H"
"E,F,H"
"A,F"
"A,D"
"B,H"
"D,E,F"
"B,C"
"B,F,I"
"A,B,D,F"
"A,B"
"A,F"
B
"C,G,H"
"B,D,G,H"
B
"B,F"
"A,C,D,H,J"
"B,C"
"B,C,G,H"
"B,D"
"A,C"
"C,E,F"
"A,D"
B
"A,B,F"
"B,C,E,F"
"B,D,E,F,H"
"A,B,I,J"
"A,B,D,E,F,H"
"B,D,E,G,H"
"A,F"
"A,G"
"A,B,C,D,F,G"
"B,C,D,I"
"B,C,J"
"B,G"
B
"A,B,D"
"B,C"
D
"C,E,F"
"B,D,J"
"C,G,H"
"B,H"
"E,F,G"
"A,B"
"A,D"
"C,G,H"
"A,C"
"B,G"
A
"A,B,G"
A
"B,E,F"
"B,E"
"B,C,D,J"
"E,F"
"A,F,I"
"D,E,F"
"E,F,J"
"B,C"
"B,D"
"B,F"
"A,B"
"A,B,G"
"E,H"
"A,J"
"A,B,G"
"A,C"
"B,D,H"
"A,B,C,G,I"
"B,D,G"
"A,C,G"
"C,E,F"
"A,C"
B
"A,B,H"
"A,B,D,G,H"
"A,B,G,I,J"
"A,C"
"A,D,F,G"
"A,D,I"
"A,C"
"A,C"
"B,C,D"
"B,C"
"B,D,E,F"
"A,B,H,J"
"B,C,E,F"
"C,G,H"
"B,D"
"A,C,D"
"D,E,F,H,I"
"A,I"
"A,E"
"B,I"
"B,J"
"D,G"
B
D
"B,C,J"
"B,C,H"
B
A
"B,D,G"
"B,H"
"A,B,I"
"A,B,F"
B
"I,J"
"A,B,F"
"B,F"
"A,B,C"
"A,C,D"
H
"A,G"
B
D
H
C
"B,E,F"
"A,C,D,F,I"
"B,F"
"B,C"
"B,F,G"
"B,D,E,F"
"D,E,F,I"
"C,G,H"
"A,C,D,G,H"
"B,E,F"
"B,C"
"B,C,H"
"D,G"
"C,D"
"D,E,F"
"B,C,H"
"B,D"
"E,F,H"
"A,B"
"A,C,E,F,H"
"A,B,C,F,G"
"A,B,C,G,J"
"A,B,E"
"B,I"
"A,B"
"C,G,H"
"B,C,F"
"A,J"
"A,D,H"
"A,B"
"A,B,C,I"
"B,E,F"
"A,B,C,H"
"B,H,I"
"A,F"
"B,C,G"
"B,E,F,J"
"C,G,H"
"C,G,H"
"B,C,D"
"B,D"
"B,F"
B
B
"B,C"
"B,D"
"A,B,C,F"
"A,H"
"B,C,D,E,F"
"A,B,C,F"
"A,C,F"
"B,D"
"B,E,F,I"
"D,J"
"B,C"
"C,G,H"
"A,G"
"A,B,D"
"B,C"
"A,B,D,H,J"
"A,B,D,F"
"A,D,F"
B
"B,C,D,E,F"
"A,C,J"
"A,D"
"A,B"
"C,G,H"
"D,G"
"C,D,G"
"A,B,C,D,G,I"
"B,D"
J
"B,D"
"A,C"
"A,B"
"B,H"
"A,B,C,D,J"
"A,C,D"
"A,B,I"
"C,E,F,H,I"
"E,F"
"A,B,D,E"
"A,D"
B
"A,D,H,I"
"C,G,H"
"B,D"
"B,C,D,E,H"
"A,B,F"
"A,B"
"A,B,D"
"B,E,F,H"
"A,J"
B
"A,C"
"A,B,J"
"B,D"
"A,C,G"
B
"C,H"
D
"B,J"
"A,C,J"
"A,B,J"
"A,J"
"A,B,C"
"A,B,J"
"A,G"
"A,J"
"A,C"
"B,I"
F
"B,D"
"A,B,D"
"A,B,C,D"
"B,J"
"B,C,H"
"E,F"
"B,C,D"
"A,C,I"
"D,I"
"A,D"
"E,F,G,H"
C
"B,C,F,H"
"B,G,J"
"A,J"
"A,B,D,F"
"A,I"
"C,E,F"
"B,C,D,E,G,H"
"A,C"
"B,C,G"
"B,F"
"C,G,H"
"A,D,H"
"B,C,G,H,J"
"A,B,G"
"D,G"
"A,I"
"C,G,H"
"A,B,E,H"
"B,D,J"
"C,G,H"
"E,F"
"B,C"
"B,I"
"D,E,F"
"B,C,D,I"
"C,E,F,H"
"C,G,H"
B
"C,E,F"
"A,J"
"B,C,G,H,J"
"A,C"
"A,D,G"
"B,C,D,G"
"B,C"
"C,E,F,G,H"
"B,C,J"
"A,C"
D
"C,G,H"
"B,G"
"D,F,G,J"
"B,D,G,I"
"B,H"
"B,G,H,I"
"A,E,G"
"A,B"
"A,B,I"
"B,F"
"C,G,H"
D
"B,C"
B
"B,C"
"C,E,F,G,I"
A
"B,C"
"A,B,F,J"
"A,C"
"A,B,D"
"B,C,E,F,H"
"C,D"
"B,D,E,H,J"
"E,F,G"
"A,D"
"B,C,E,F"
"B,D"
"C,G,H"
"B,E,F"
A
D
"B,F"
"B,C,D,F"
A
A
"A,B,I"
B
"A,C,G"
B
"B,C"
"E,F"
"A,B,C,D,E,I"
D
D
"A,C"
"A,H"
"B,J"
"F,J"
"C,E,F"
"B,J"
"D,I"
"C,D"
"B,D"
A
"A,D"
"C,G"
B
"B,D,F,J"
"C,D,F"
A
A
"A,B,C,E,F"
"A,B"
"A,J"
"B,C,D"
"A,E,H"
"C,H,J"
"D,J"
"A,B"
"B,C,I"
"A,B"
"B,C,D,E,F,I"
"D,E,F,G"
A
"A,B,C,D,J"
"C,G,H"
"B,D"
"A,F,J"
"A,F"
"B,C,D"
"B,C"
"A,C,D,E,F,G"
"C,G,H"
B
"C,G,H"
"A,D"
"A,B,D,G,H,I"
"D,I"
"A,D,F,I"
"A,C"
"A,J"
"D,E,F,G"
"B,C,H,I,J"
"B,C,D"
A
"A,B,C,D,H,J"
"A,G"
"A,D,E"
B
"B,C,E,F"
I
"A,C,H"
"A,B,I,J"
"A,I"
"A,D"
"A,H"
"B,C,H"
"E,F"
"B,D,E,J"
"A,B,C"
"A,B,I"
"B,C"
"B,D"
"D,G"
"C,G,H"
"A,B,C"
"B,D"
"D,F"
"A,B,C,D,F,H"
"B,C"
B
"B,J"
"B,D,E,F"
"G,I"
"A,B,D"
"A,C,E"
"A,C,D"
D
"B,C,D,E,F"
"C,G,H"
"C,G,H"
I
"C,G,H"
"A,C"
"B,D"
"B,C,D"
"A,B,C,D"
"B,H"
"A,D"
"B,D,G"
A
"A,B,D"
"A,C"
"A,C"
"A,I,J"
"C,G,H"
"A,B"
"A,B,E,F"
F
B
"A,C,D,F"
"D,I"
"B,D,J"
"C,G,H"
"B,C,F,J"
"A,B"
"A,F"
B
"A,B,C"
"A,B,C,D,G"
"A,B,C,J"
"B,C"
"B,D,H"
"A,C,F"
"B,D"
"B,C,D,E,I"
"A,B,C,E,F,H"
"A,B"
"C,G,H"
"A,B,D"
"C,E,F"
"A,H"
"B,F,H"
"D,J"
"A,D,I"
"A,B,D"
D
"A,D,G"
"A,B,D"
"B,C,D,G,I"
"A,C,J"
B
"D,H,I"
"B,C,D,F"
"B,C,F"
"E,F"
"A,C,D"
"C,D"
"B,C,D,G,H"
"C,D"
"A,G"
"A,I"
"C,G,H"
"B,D,E,F"
"A,G,H"
"B,J"
"B,C"
"A,D,H"
"A,J"
"B,I"
"B,D,H"
"B,C,D,E,F"
"E,F"
"A,H,I"
"B,C"
"B,J"
"B,D"
"A,C,D,F,J"
"A,B,C,D"
"A,C,F,G,I"
"B,C"
"A,D,J"
D
"B,J"
"C,E,F,I"
"A,D"
"A,B,C,D,G"
"A,D,H"
"A,J"
B
"B,C,D,F,I"
"A,B,C,I"
"A,C,D"
"A,J"
"A,D,I"
"A,B,C,J"
"A,J"
C
"A,B"
"A,C"
"C,G,J"
"B,G"
"D,E,F"
"B,C,E,F"
"B,E,F"
"B,C"
"C,G,I"
"A,C,H"
"A,D,H"
D
"B,I"
"B,D,F,G"
"A,C,J"
"B,C,E,H"
"B,C"
D
"A,B,C"
"B,C"
"A,C,E,H,J"
"B,F,H,I"
"A,D,F"
"D,G"
"D,E,F"
"A,B,F"
"B,C"
"A,G,H"
"B,E,F"
"A,C,J"
"A,I"
"A,B,G"
"A,B,D"
"D,I"
"C,D,E,F,H"
"B,D"
F
"A,C"
"B,C,D"
A
A
"E,F"
"D,F,J"
I
"A,C,G,H,I"
"A,D"
"B,D"
"B,C,F,G,H"
"I,J"
"D,F,J"
B
"B,C"
"C,F,I"
"B,E,F,I"
D
"B,D,I"
"A,B,J"
B
"A,D,G"
"B,C,I"
"C,D,H"
"A,B,C,D,G"
"G,I"
"C,G,H"
"A,B,C"
"B,D"
"A,G,J"
"A,B,D"
"C,G,H"
"A,G"
"B,C,D,F,G"
"B,H"
"B,J"
"B,E,F"
"E,F"
"A,B"
"B,E,F"
"A,C,D,F"
"C,G,H"
"A,B,C,D,F"
"B,G"
"C,G,H"
"B,G"
"A,B,C,I"
F
A
"B,C"
"C,G"
"B,G"
"B,D,J"
"A,B"
"B,H"
"A,I,J"
"B,D"
"B,I"
"B,E,F"
"B,F,J"
"B,C,D,E,F"
"D,E,F"
"D,J"
A
B
"C,D"
"C,E,F"
"B,D"
"C,G,H"
"A,C,G,H,J"
"C,G,H"
"C,G,H"
D
"C,D"
"C,G,H"
"C,G,H"
"B,D,J"
"B,C"
"C,D"
"B,C,D"
"A,B,I"
"A,D"
"A,B"
"D,H"
"B,C,D"
"C,G,H"
"B,D,J"
"B,C,D,G,H"
"A,B,D"
"A,B,D,E,H,J"
"F,G,H"
"B,D,E,F,I"
"B,C,D,H,J"
"B,C,D,F,H"
"B,D"
"A,C,I"
"B,C"
"C,D,E,F,H"
D
"A,B"
"A,B,J"
"E,J"
"B,C"
"C,D,I"
"A,D,H"
"A,D,F,H,I"
G
"B,C,E,F"
"D,E,F,G"
"D,I"
"B,C,E,F"
"A,B"
"B,C,G"
"C,G,H"
"B,E,F,J"
B
"A,D"
A
"C,G,H"
B
B
"C,E,F,H,I"
"B,C,D"
"B,D"
"B,D"
C
"A,C"
"A,D"
"E,F,J"
"E,F,G"
"A,B,G,J"
A
"D,H,J"
"D,I"
"B,C,D,E,J"
"B,F"
J
"B,G"
"C,E,F"
"A,B,C,D,E,G"
"B,C,E,G,J"
"A,C"
"A,B,D"
"A,J"
"A,B,D,H"
"A,C"
"B,C"
"B,C,F,J"
"A,B,I"
"A,I"
"B,E,F"
"A,B"
"A,C,D,F,I"
"B,C,D,G"
"A,B"
B
"A,D"
"A,B"
B
"A,D,F"
"C,G,H"
"B,H"
"B,D"
"A,B,C"
"B,G,J"
"B,D,E,F"
"B,C"
"B,C"
"B,C,D"
"C,H"
"B,C,D,G,H,I"
"C,G,H"
"A,D,G"
"D,J"
"A,B,C,D,E,H"
"D,E,F"
"A,D"
C
"B,C,F,G"
"C,D"
"A,C,G"
"A,C"
"B,G"
"C,I"
"C,D,J"
"A,C"
"A,D"
"B,G,I"
"B,E,F"
"B,C"
"D,F,G,I"
"C,D"
"A,B,G,H"
"B,C,H,I"
"A,B"
"A,B,C,D,H"
"B,G"
"B,I"
A
J
"B,D,H"
"C,G,H"
"B,C,E,F"
"C,G,H"
"A,B,C,D,G"
"A,C"
"A,I"
"A,B"
"C,D"
"I,J"
"A,C"
"A,B"
"B,I"
"C,J"
"A,B,G"
"B,I"
"C,G"
"B,D"
"A,B,H"
"D,F"
"B,D"
"A,C"
"B,G,I"
A
"E,F"
"A,F,J"
"A,B,C,D,G"
B
"A,B,C,D,E,G"
"B,H"
"B,E,F"
A
"B,F,H"
B
"D,H"
"A,C,G"
"A,B,G"
"B,C,D,H,I"
"B,I"
A
"B,C"
"B,C"
A
"A,H"
H
"A,B"
"C,E,F"
"A,C"
C
"A,C"
"A,C,D,H"
"C,G,H"
"B,D"
"B,E,F"
"A,C,D,H"
"D,H"
"A,B,C"
"E,F,J"
"D,I"
"B,I"
"C,G,H"
"C,H"
"A,J"
"A,D,J"
"C,E,G"
"A,B"
"D,G,J"
"B,C,G"
"A,B,H"
A
"C,D"
"A,C,G"
"E,F"
"A,B,H"
"A,C,D"
"A,B"
"B,D,E,F"
"A,H"
"E,F"
"A,B"
"A,D"
"A,B,D"
"B,D"
C
"A,B,F"
"B,E,F"
"B,E,F,J"
"A,C"
"B,F,G"
"C,I"
"B,I"
"B,C"
"C,G,H"
"B,C,F"
"B,C,D,F,I"
"C,D,H,J"
"C,G,H"
"A,B,C"
"B,C,D,H"
"A,F"
"A,C,D"
"C,D"
A
"E,F"
"B,F,G"
"B,C"
"D,F"
"A,B"
"A,B,C,G,H,I"
"C,D,I"
"C,D,I"
"C,G,H"
"E,F"
"A,B"
"A,C,G,I"
C
"A,B"
"A,G"
"B,J"
D
"A,G"
"D,H"
"C,G,H"
"B,D"
"B,C,D"
B
"A,B,D,G"
B
"B,E,F"
"B,C"
A
"D,J"
"B,D"
"C,G"
"A,B,D"
"A,C,D"
"A,B"
"A,J"
"B,H"
"A,D,H"
A
"A,B,C"
"A,D,F"
B
"B,D"
"B,C,D,G"
"A,F,H"
"A,B,J"
"A,C"
"B,D,G"
"A,C,D,I"
"B,G"
"A,D"
"B,C"
"E,F"
"A,B,C,D,J"
"A,C,D,F"
"A,D,F"
"A,C,I"
D
"D,I,J"
"C,G,H"
A
"A,B"
"A,B"
"D,E,F"
I
"C,D,I"
"D,E"
"B,C,D,J"
"B,G"
B
"C,F"
"A,B,J"
"A,B"
"A,C,J"
"A,D,I"
"B,D,E,F"
"B,C,D,E,F"
"B,C,E"
"B,E,H"
"C,J"
"A,C"
"C,D"
"E,F"
"A,C,D"
"D,G,H,I"
"B,D,F,I"
"A,B,C,D"
"B,I"
"A,C"
D
"A,D,H"
"B,F,H"
"A,B,D"
"A,F"
B
"C,D,F"
"B,D,H"
"B,H"
"C,G,H"
"B,H"
"A,I"
"B,I"
"I,J"
"B,C,D,H,J"
"B,C"
"C,D,G"
"A,B,C,J"
"A,B"
"B,F"
"C,G,H"
"A,B,F,G,H"
J
"D,F"
"D,I"
"B,C,D,E,I"
"A,B"
"C,E,F"
A
"A,G,J"
"B,F"
"A,D,J"
"B,C,D,G"
"A,C,D,H"
"A,B,D,J"
"A,D,I"
"B,E"
"A,B,C,D"
"A,B,D"
"A,F"
"I,J"
"B,C"
"A,C,D"
"A,E"
"A,D,I"
"E,F"
C
"A,D"
"B,C,G"
"B,C,D,F,H"
"B,D,F,H"
"C,D,E,F"
B
"C,G,H"
"A,B,C,D,G,H"
C
"A,B,C,D,E,F"
"B,C,D"
C
"E,F"
B
"B,C"
A
"B,D"
"E,F,G"
B
"A,B"
D
"A,C,D,G,I"
"A,C,J"
"B,C,D"
"C,G,H"
B
"B,I"
D
"D,J"
"A,B,G,I"
"A,I"
"C,E,F"
"B,C,G"
"A,B,D"
"C,G,H"
"C,J"
"A,B,C,G,H"
"B,J"
"B,E,F"
"A,C,D,J"
A
"B,C"
"A,B,D,H"
"B,C,G"
"D,H,J"
A
"B,D"
"A,B"
B
"C,G"
A
"A,C,D,H"
"B,C,J"
"D,I"
"C,G,H"
"A,B"
"A,B"
"A,B,D,J"
"B,H,I"
"B,E,F"
"B,D,J"
"B,D"
"B,F"
"B,D"
"A,B"
"C,D,F,J"
"B,C"
"A,C"
"B,C,D"
"B,H,I"
"B,I"
I
"B,C,G"
"C,I"
"A,B"
"B,D,J"
"B,D,H"
B
"C,F"
"D,G,H"
"H,I"
"B,E,F"
"A,B,C,E,I,J"
"A,C"
"B,C"
"D,I,J"
B
"A,D,G"
"C,D,I"
"B,G"
"B,E,F"
"A,B,D"
"A,B,C,D,F"
"B,D"
"H,J"
"A,B"
"C,G,H"
"A,B,C,H"
"B,I"
"A,B,C,D"
D
B
"B,D"
"B,E,F"
"A,D"
"A,D,I"
"A,G"
"B,C"
"B,C,H"
"B,C,I"
"D,E,F"
C
"C,D,H,I"
"A,C"
"C,G,H"
"B,E,F"
A
"C,G,H"
"B,G,J"
"B,E,F"
"B,J"
B
"B,C,G,I"
"A,D,I"
"B,C,J"
"A,B,C,D,E,G"
"D,F"
"A,B"
"A,F"
"A,B,F,G"
"A,D"
"A,C,I"
"A,B,D"
"B,C"
"B,C"
"B,D,J"
"A,C"
"A,C,D,J"
"A,D,H"
"A,C,D,G,H"
"A,D"
"B,C,D,E,G"
"B,C,E,F"
A
"C,D"
"B,C,D,F,J"
"A,D,F,J"
"C,D,J"
"B,F,G,J"
"B,C,G"
"B,C"
"B,C,D"
"A,D"
"B,D,I,J"
"E,F"
"A,B,G"
"A,I"
"B,C"
"C,G,H"
"A,C,D,E,G"
"B,D"
"C,G,H"
"C,D"
C
"A,B,C,G"
"A,C"
"D,E,F"
"B,I"
"A,B,D,H"
"A,C,D"
"C,G,H"
"A,B,C"
"E,F"
B
"B,C"
"D,I"
"B,C,D"
"A,B,H"
"B,D"
"B,I"
"C,D,H,J"
A
"A,C"
"A,B"
"B,C,E,F"
"C,D"
"B,C,G"
"A,B,I,J"
"A,B"
"C,G,H"
"B,C,D,I"
"A,B"
I
"C,F"
"B,D,F"
"B,D,E,F,G"
"B,E,F"
"B,C,G"
"A,D,H"
"F,G"
"B,E,F"
"A,C,D,F"
"B,D,E,F"
"G,H"
D
"A,B,F"
"A,E,F"
"A,C,D"
J
"B,H"
"A,I"
A
"A,D"
"B,C,D,F"
"B,D"
B
"A,B"
"B,F,I"
C
"B,J"
"B,C,E,F"
"C,G,H"
"A,C,G,H,J"
"B,I"
"C,G,H"
"B,F"
"A,D,G"
"A,B"
"A,D"
"A,B,C"
"I,J"
"A,B,C"
"E,F,I"
"A,I"
"A,C"
"A,D,H"
"C,H"
"A,B,C,D,G"
"B,D"
"C,G,H"
"B,E,F"
"A,I"
"I,J"
"A,C"
"B,C,I"
F
"A,G"
"B,C,D,G"
"C,G,H"
"C,G,H"
"A,B,C,D,J"
"A,B,C,D"
"C,D,J"
"B,J"
"A,C"
"B,C,D"
"A,J"
"A,B,C,D,I"
"A,C,D"
"B,D,I,J"
"B,C,H,I"
B
"A,H"
"A,D,F"
"B,C,G"
"E,F,H"
"B,C,D"
"E,F"
"C,G,H"
"A,C"
"A,B,D"
B
"A,D"
"B,C,D,G"
"A,D,F,H"
"C,G,H"
B
D
"B,D"
A
"A,C,F"
"B,C,D"
"B,C,E,F,J"
"C,G,H"
"A,B,D"
I
"A,I"
"B,C"
"B,E,F"
"B,C,H,I"
"A,D,H"
"D,H"
"A,B,C,I"
"B,C,H,I,J"
A
"A,C,D,G,I"
"A,B,D,G,H,I"
"A,B,C,D,H"
F
"B,D"
"C,H"
"D,F"
"A,H"
"A,F,J"
"A,B,D,I"
"B,C"
"A,C"
G
A
"C,G"
"A,D,F,H"
"A,B,D,E,G,H"
"C,G,H"
"D,H"
"B,D"
"C,F"
"C,H"
"A,B,C,G,H,I"
"G,H,J"
"B,C,D,E,G"
"B,J"
"B,D,I"
"A,B,D"
"A,D,G"
"A,D,G"
"A,B,C,G,H,J"
"B,E,F,I"
"A,B,G"
"B,C,D,H"
"A,B"
"A,D"
A
"I,J"
"A,B,C,D,G,H"
"A,C"
"B,H"
"B,C"
"A,C,F,J"
D
"A,B,I"
"B,C,D,E,F,J"
"A,B"
B
"G,I"
"C,D,E,F,H"
"D,F"
"C,D"
I
A
"B,I"
"B,F"
"A,F"
"A,B,C,D"
F
"D,E,F"
"A,B,C,D"
B
"E,F,G"
"C,G,H"
"A,C,D"
"B,C,D,J"
"B,D"
"B,C"
J
"A,B"
"A,D"
"B,C,D,H"
"B,C,I,J"
"B,C,E,F"
"B,E,F"
"F,I"
"A,B,D"
D
"A,C,D"
"C,E,F"
"B,J"
"B,C,D"
"A,B,D,G,I,J"
A
B
"C,G,H"
"B,F"
"A,C,D"
"A,B,C,D,F,I"
"A,C,G"
"A,B,C,F,G"
"C,G,H"
B
"C,E,F"
"D,E,F,J"
"A,C,D"
"A,B,C,I"
"A,D"
"A,F"
"A,J"
"A,C,D"
"A,B,C,D,E,H"
"A,C"
"A,B,C,D,H,J"
"B,C,D,F,H"
"B,D"
"A,C,J"
"B,D"
"A,C,D"
"B,D,I"
"B,C,D"
"D,E,F"
"B,C,J"
"A,D"
"B,C,D"
B
"E,F,J"
"G,J"
"A,G"
"A,C,I"
"C,G,H"
"C,D"
"B,D,H"
"A,C"
"A,C,D,E,F"
"B,I"
"A,C"
"A,B,J"
"B,F"
"B,C"
"B,D"
"A,C,D"
"A,B"
"C,G,H"
"E,F,G"
"A,D"
"C,G,H"
"A,B"
"B,C,D"
"D,I"
"D,G"
"C,D,H"
"E,F"
"B,F"
B
J
"G,H"
"C,J"
"A,B"
"A,C"
"D,E,F"
"A,F"
"B,D"
"A,G"
"A,B"
"B,D,E,F,G"
J
A
"A,B,C"
"B,J"
"D,I"
"B,I"
"D,F,H"
"B,C,E,F"
"A,F,G,I"
"B,E,F"
"B,C,D"
"A,F"
"A,D,E,F,H,I"
"A,B,J"
"A,D,I"
"A,B,C"
A
"D,E,F"
"B,C"
"E,F"
"A,B,C,D,G,I"
"A,B,D"
"B,C,G"
"C,G"
"A,B,C,F,G"
"B,C"
C
B
"D,E,F"
"B,D"
"H,I"
"B,F"
"B,D,G,J"
"B,D"
"B,D,H"
"E,F"
"E,F"
"A,D,F"
"A,F"
"C,D"
"A,B,C,D,E,F"
"B,D,F,H,I"
I
"B,C,D,H,J"
"A,C,D"
"A,F"
"B,E,F,I"
"A,D,G"
"A,C,F"
"A,B,C,G"
"E,F,G,H"
"B,F"
"A,C,D,F,I,J"
"A,D"
"C,G,H"
"B,J"
"B,C,D"
"B,C,D,E,F"
"B,C"
"A,B,D,E,I,J"
B
"A,B,J"
B
"B,D"
"C,F"
"A,B,H,I,J"
"A,C"
"B,E,F"
"C,D,F"
"B,D"
"A,D,H"
"E,F,I"
"B,C,H,I"
D
"G,H"
B
"A,B,C,D,I"
"A,C,H"
"A,G,H"
"A,B,J"
D
"A,D,F,H,J"
"C,H"
"A,C,D"
"A,B,J"
"B,D,E,F"
"B,C,D,E,F,G"
"E,F,I"
"A,D"
"B,F"
"A,B,J"
D
"A,C"
"B,D,H"
"A,D"
"A,C"
"A,C,G,J"
"A,D,H"
D
"A,C,D,E,H,J"
C
"A,D"
"B,C,D,E,F"
"B,C"
"C,G,H"
"A,G"
"C,G"
"A,B,H"
"A,B,D"
"A,D,F"
"A,C"
"A,B,G"
"B,G"
"C,G,H"
"C,I"
"A,B"
"B,C"
"A,D"
"A,D"
"B,D,J"
"C,G,H"
"B,F"
"F,G"
"A,B,C,D,E,I"
"A,B,C,D,E,G"
"A,B,C,D"
"C,D,E,F"
"A,D"
"A,C,I"
"A,D,F"
"B,D,H"
"C,D"
"A,B"
"B,C,D,F,G"
"C,G"
"D,G"
A
"B,E,F,I"
"B,D"
"A,D"
"A,C,G"
"E,F,J"
"A,C,G"
"B,F"
B
A
"B,E,F,H,I"
"B,C"
"B,C,F"
"A,B,C,G,I"
"A,G"
"C,G,H"
"A,B,C"
"B,E,F"
"C,E,F"
"C,D"
"B,C,G"
"A,C"
"B,C,D"
"D,H,I"
"B,C"
A
I
I
"B,D"
C
"B,F"
"E,F"
"B,C,D"
"C,D"
B
A
"B,C"
"C,E,F"
"C,G,H"
"A,B"
A
"A,G"
"A,C"
"B,F"
"A,D"
"C,G,H"
"B,C,D,E,G,H"
"A,B,C"
"A,B,C,D,G"
B
"A,C,G"
"A,D,I"
"B,E,F"
"A,D,F"
A
H
"A,B"
"A,I"
"B,C,H"
"A,J"
"B,J"
"B,D,F"
"B,D,G,H"
"C,G,H"
A
"D,E,F"
"C,J"
"A,G,I"
"A,G"
"E,F"
"B,E,F"
"A,G"
"A,B,J"
"B,C,D,H"
"A,J"
"A,D"
"A,J"
"A,J"
"B,C,H"
"B,D,E,F,J"
"A,H,I"
D
"B,C"
"C,G,H"
"B,D,E,F"
"A,B,F"
"A,B,C,D"
"C,F,J"
"B,D,J"
"A,B,D"
"C,G,H"
"A,C"
"A,E,F"
"C,G,H"
"C,G,H"
B
B
"B,F"
"A,F,H"
"A,H"
"A,B"
"A,D,J"
A
"A,B,C"
"B,D"
"A,C,H"
"B,C,D"
"C,G,H"
"A,B,C"
"A,D,H"
"B,C"
"C,E,F"
"A,D,E,F"
"A,I"
"C,G,H"
"A,B,G"
"A,B,C"
"A,C"
"A,D,G"
"A,C,H"
"A,B,E"
"A,E,F"
"C,G,H"
"C,G,H"
"A,B,D"
"A,C"
"E,F"
"A,B,C"
"A,B,C,D,F,H"
"E,F"
"A,E,F"
"D,G"
"A,C,D"
I
"A,B,D,H"
"B,C"
"A,B,C"
"A,C"
"D,F,G"
"A,B,D,I"
"B,C,J"
"B,D"
"C,G"
"A,B,C"
"A,D"
"A,H"
"A,B,C,D,G,H"
"A,B,C,D,F,I"
"B,F,J"
"A,E"
"B,C,D"
"A,B,D"
A
"A,D"
"A,B,C,D,G"
B
"B,D"
"A,G"
"B,G,H"
"E,F"
"B,H"
B
"B,D"
"B,C"
"B,H"
"A,B"
"B,D"
"A,B"
"A,B,C,D"
"A,C"
"B,C,H,J"
"B,D"
"B,J"
"B,E,F"
"A,B,J"
"B,C,D,H,J"
B
"E,F"
"A,C,D"
"A,C"
"A,C,D"
"C,D,G,J"
"B,E,I,J"
"A,C,D,G,I"
"C,E,F"
"C,G,H"
"B,C,D,I"
"B,D,E,F"
"A,C,J"
"D,H"
"B,J"
D
"B,C"
"B,D"
"B,D"
"B,I"
"B,C,D,I,J"
"A,C,J"
D
"A,B,D,I"
"C,D"
"B,F"
"B,C"
"C,F"
"B,E,F"
"B,E,F"
B
"A,B,D,H,J"
"B,C,E,F,G"
"D,I"
"A,C,D"
"C,G,H"
"A,H"
"C,F"
C
"A,F,I"
"B,D,J"
"A,B,D,E,H,I"
"F,J"
"A,B,C"
"A,B,D,J"
"B,D,H"
D
"B,J"
"A,B,I"
"B,C,D"
A
"B,E,F"
"B,C,E,F,I"
"A,C"
"A,G,H"
"D,E,F"
"A,C,F,J"
"A,B"
"A,B,C,D,H"
"B,F,J"
"B,C,D"
"E,F"
"B,F"
"E,F"
"D,E,F"
C
"A,B"
"E,F"
"A,C,D"
"A,D"
"A,C,D"
"B,I"
"A,C,D"
"B,D"
"A,G"
"A,B,D,I,J"
D
"B,C,D,E,F"
"E,F,H"
"B,C"
B
"A,D"
B
H
"A,B,C,D"
G
"A,B,I,J"
"B,D"
"A,C"
"A,B,C,D,H"
"A,B,E,G,H,I"
"A,I"
"A,B,D"
"B,C,G"
D
"B,F,I"
"A,C,F"
"A,C,J"
"A,B,C"
"A,C,E,G,J"
"A,F,J"
"B,G"
"A,C,D,G"
A
B
"C,G,H"
F
"A,C"
"G,H"
"C,G,H"
"A,B,C,F,I"
"C,G,H"
"B,C"
"B,C,E,F"
B
"C,E,F"
"B,C,G"
"B,C,D"
"A,C"
B
"B,F"
"A,B"
"B,G"
"C,F"
C
"A,H"
"A,C"
"C,J"
"C,J"
"B,I"
"B,D,E,F"
"A,H,I"
"A,J"
"A,F"
"E,F"
"B,C"
"B,D,J"
"C,G"
"A,B,F"
"C,G,H"
"C,G,H"
"A,C,D"
"B,C,H"
C
"E,F,H"
"A,H"
A
"B,C,E,F,G"
"A,C"
"A,D,J"
"B,D,I"
"B,D"
"B,C,D"
A
"A,H"
"B,E,F"
"E,F"
"E,F"
"A,F"
"D,E,F,J"
"C,G"
"A,D"
"A,C"
"B,J"
"A,B,C,D"
